{"stats":{"minecraft:broken":{"constructionwand:stone_wand":9,"exdeorum:stone_hammer":12,"woodenshears:wooden_shears":1,"minecraft:stone_axe":1,"exdeorum:crook":2},"minecraft:crafted":{"minecraft:oak_planks":656,"minecraft:cobblestone_slab":858,"exdeorum:unfired_porcelain_crucible":1,"minecraft:oak_trapdoor":4,"exdeorum:string_mesh":8,"minecraft:ladder":54,"minecraft:stone_pickaxe":8,"minecraft:chest":58,"minecraft:oak_button":2,"minecraft:clay_ball":16,"minecraft:stone_hoe":3,"exdeorum:stone_hammer":23,"minecraft:oak_fence":27,"cyclic:compressed_cobblestone":1,"exdeorum:porcelain_crucible":1,"cobblefordays:tier_2":1,"minecraft:oak_slab":558,"woodenshears:wooden_shears":4,"exdeorum:oak_barrel":9,"minecraft:crafting_table":2,"craftingstation:crafting_station":2,"minecraft:stone_axe":6,"minecraft:air":0,"cobblefordays:tier_1":2,"exdeorum:crook":3,"exdeorum:oak_crucible":1,"exdeorum:porcelain_clay_ball":10,"minecraft:oak_fence_gate":2,"minecraft:cobblestone":2518,"minecraft:charcoal":1,"constructionwand:stone_wand":16,"minecraft:stick":240,"minecraft:iron_ingot":5,"minecraft:iron_pickaxe":1,"minecraft:stone_sword":3,"exdeorum:oak_sieve":9,"woodenbucket:wooden_bucket":3,"minecraft:white_bed":2,"minecraft:torch":4},"minecraft:mined":{"minecraft:oak_sapling":2,"minecraft:light_blue_wool":8,"minecraft:jungle_leaves":173,"minecraft:orange_wool":8,"gravestone:gravestone":13,"minecraft:grass_block":29,"minecraft:brown_wool":7,"minecraft:jungle_log":132,"minecraft:blue_wool":5,"minecraft:lime_wool":9,"minecraft:pink_wool":11,"cobblefordays:tier_1":3,"minecraft:oak_trapdoor":2,"botania:mana_flame":1,"minecraft:diamond_block":2,"minecraft:vine":1,"minecraft:cobblestone_slab":2,"exdeorum:oak_sieve":1,"minecraft:green_carpet":219,"minecraft:white_wool":1,"minecraft:green_wool":19,"minecraft:oak_slab":14,"minecraft:red_wool":15,"exdeorum:infested_leaves":64,"minecraft:oak_fence":1,"storagedrawers:oak_full_drawers_4":4,"minecraft:crafting_table":3,"minecraft:torch":7,"minecraft:chest":9,"minecraft:cobblestone":808,"minecraft:oak_planks":169,"minecraft:wall_torch":3,"minecraft:cyan_wool":3,"minecraft:purple_wool":14,"minecraft:gray_wool":7,"exdeorum:dust":2,"minecraft:light_gray_wool":14,"minecraft:black_wool":9,"minecraft:oak_log":273,"exdeorum:oak_barrel":4,"minecraft:sand":194,"minecraft:gravel":742,"minecraft:dirt":91,"minecraft:oak_leaves":538,"minecraft:magenta_wool":7},"minecraft:picked_up":{"exdeorum:gold_ore_chunk":7,"exdeorum:porcelain_bucket":1,"exdeorum:mycelium_spores":2,"minecraft:crafting_table":3,"botania:cosmetic_thick_eyebrows":1,"minecraft:purple_wool":9,"exdeorum:dust":194,"minecraft:ladder":22,"minecraft:prismarine_shard":2,"minecraft:redstone_lamp":3,"minecraft:lead":4,"thermal:cinnabar":8,"minecraft:pink_wool":11,"storagedrawers:oak_half_drawers_4":1,"exdeorum:iron_ore_chunk":7,"exdeorum:stone_hammer":2,"exdeorum:oak_barrel":4,"exdeorum:grass_seeds":9,"minecraft:string":1,"minecraft:oak_trapdoor":3,"exdeorum:granite_pebble":301,"exdeorum:string_mesh":6,"minecraft:magenta_wool":6,"thermal:sulfur":7,"minecraft:sea_pickle":8,"cobblefordays:tier_1":3,"mysticalagriculture:inferium_essence":5,"minecraft:gold_nugget":66,"minecraft:comparator":3,"minecraft:bucket":1,"minecraft:sugar_cane":10,"ironchests:dirt_chest":1,"minecraft:cyan_wool":1,"minecraft:redstone_torch":3,"minecraft:cobblestone_slab":203,"thermal:niter":9,"minecraft:jungle_sapling":24,"minecraft:iron_nugget":111,"minecraft:iron_pickaxe":1,"minecraft:light_gray_wool":10,"exdeorum:wooden_hammer":1,"minecraft:chest":9,"minecraft:birch_sapling":4,"minecraft:egg":1,"minecraft:phantom_membrane":1,"minecraft:blue_wool":2,"minecraft:golden_helmet":1,"minecraft:lime_wool":6,"minecraft:dark_oak_sapling":4,"minecraft:stick":74,"minecraft:oak_fence":1,"minecraft:torch":27,"mysticalagriculture:prosperity_shard":2,"minecraft:cookie":17,"minecraft:pointed_dripstone":7,"minecraft:carrot":14,"minecraft:redstone":38,"minecraft:prismarine_crystals":1,"woodenbucket:wooden_bucket":3,"thermal:apatite":9,"minecraft:cactus":44,"minecraft:rotten_flesh":4,"minecraft:light_blue_wool":5,"exdeorum:unfired_porcelain_crucible":2,"ae2:certus_quartz_dust":5,"minecraft:pumpkin_pie":1,"exdeorum:diorite_pebble":359,"exdeorum:tin_ore_chunk":7,"minecraft:green_wool":14,"exdeorum:andesite_pebble":272,"minecraft:gold_ingot":8,"minecraft:mutton":14,"minecraft:blaze_powder":2,"minecraft:white_wool":11,"minecraft:cobblestone":131,"exdeorum:osmium_ore_chunk":3,"minecraft:enchanting_table":1,"storagedrawers:oak_full_drawers_4":4,"minecraft:pink_petals":1,"minecraft:repeater":3,"minecraft:magma_cream":1,"minecraft:golden_carrot":16,"minecraft:jungle_log":132,"minecraft:brown_wool":3,"enderio:grains_of_infinity":8,"minecraft:potato":7,"minecraft:flint":120,"minecraft:oak_log":310,"minecraft:gunpowder":12,"minecraft:lapis_lazuli":4,"exdeorum:nickel_ore_chunk":2,"ae2:charged_certus_quartz_crystal":1,"botania:pebble":8879,"minecraft:dirt":120,"ae2:sky_dust":4,"thermal:sapphire":12,"minecraft:apple":8,"minecraft:kelp":41,"minecraft:wheat_seeds":10,"exdeorum:stone_pebble":415,"exdeorum:oak_sieve":1,"minecraft:iron_ingot":5,"minecraft:bamboo":2,"minecraft:oak_planks":129,"minecraft:acacia_sapling":4,"minecraft:sweet_berries":2,"minecraft:oak_slab":64,"exdeorum:lead_ore_chunk":5,"minecraft:red_wool":12,"ae2:certus_quartz_crystal":9,"minecraft:poisonous_potato":3,"minecraft:gravel":824,"minecraft:sand":731,"minecraft:amethyst_shard":1,"minecraft:spruce_sapling":4,"minecraft:dead_bush":30,"minecraft:diamond_block":2,"exdeorum:silver_ore_chunk":7,"minecraft:green_carpet":605,"minecraft:orange_wool":4,"minecraft:pumpkin_seeds":9,"minecraft:slime_ball":14,"minecraft:diamond":3,"sc:copper_coin":5,"minecraft:clay":48,"exdeorum:aluminum_ore_chunk":5,"constructionwand:stone_wand":1,"cobblefordays:tier_2":1,"storagedrawers:oak_half_drawers_2":2,"minecraft:bone_meal":8,"minecraft:gray_wool":3,"exdeorum:copper_ore_chunk":9,"minecraft:emerald":1,"minecraft:melon_seeds":7,"thermal:ruby":12,"minecraft:oak_sapling":84,"minecraft:black_wool":7,"minecraft:coal":11,"minecraft:oak_leaves":50},"minecraft:killed":{"minecraft:witch":1,"minecraft:spider":1,"minecraft:phantom":1,"minecraft:guardian":1,"minecraft:silverfish":1,"minecraft:magma_cube":27,"minecraft:creeper":2,"minecraft:sheep":6,"minecraft:trader_llama":1,"minecraft:zombie":2},"minecraft:used":{"minecraft:oak_fence":11,"minecraft:oak_trapdoor":6,"minecraft:ladder":22,"minecraft:chest":65,"exdeorum:crook":332,"woodenshears:wooden_shears":72,"minecraft:torch":17,"minecraft:dirt":102,"cobblefordays:tier_2":1,"minecraft:jungle_sapling":4,"minecraft:oak_fence_gate":2,"minecraft:lava_bucket":1,"chancecubes:chance_cube":14,"supplementaries:candy":1,"cobblefordays:tier_1":2,"minecraft:magenta_wool":1,"exdeorum:stone_hammer":1730,"minecraft:oak_sapling":23,"exdeorum:oak_sieve":9,"minecraft:water_bucket":1,"minecraft:lead":1,"minecraft:oak_planks":79,"minecraft:stone_pickaxe":21,"minecraft:cobblestone_slab":719,"minecraft:cookie":1,"minecraft:sand":514,"minecraft:oak_slab":866,"minecraft:crafting_table":3,"constructionwand:stone_wand":203,"minecraft:white_bed":2,"minecraft:oak_log":4,"exdeorum:dust":130,"exdeorum:oak_barrel":13,"minecraft:apple":2,"craftingstation:crafting_station":2,"minecraft:iron_pickaxe":2,"minecraft:gravel":769,"minecraft:stone_axe":145,"exdeorum:oak_crucible":1,"minecraft:cobblestone":903,"storagedrawers:oak_full_drawers_4":4,"minecraft:bucket":4},"minecraft:dropped":{"minecraft:stone_hoe":2,"minecraft:iron_ingot":5,"minecraft:lapis_lazuli":2,"minecraft:oak_log":2,"minecraft:diamond":2,"exdeorum:copper_ore_chunk":7,"minecraft:cobblestone":64,"constructionwand:stone_wand":1,"botania:cosmetic_thick_eyebrows":2,"exdeorum:iron_ore_chunk":4,"cobblefordays:tier_1":2,"exdeorum:gold_ore_chunk":4,"minecraft:flint":24,"minecraft:coal":10,"exdeorum:unfired_porcelain_crucible":2,"exdeorum:oak_crucible":1,"storagedrawers:oak_half_drawers_2":2,"minecraft:iron_pickaxe":1,"minecraft:dead_bush":192,"exdeorum:wooden_hammer":1,"minecraft:sand":27,"exdeorum:granite_pebble":75,"minecraft:pumpkin_pie":1,"ironchests:dirt_chest":1,"exdeorum:stone_pebble":573,"minecraft:bucket":1,"exdeorum:lead_ore_chunk":5,"minecraft:gravel":45,"minecraft:stone_axe":2,"minecraft:diamond_block":2,"minecraft:iron_nugget":45,"minecraft:stone_sword":2,"exdeorum:string_mesh":4,"botania:pebble":15,"minecraft:pointed_dripstone":4,"exdeorum:silver_ore_chunk":4,"cobblefordays:tier_2":1,"woodenbucket:wooden_bucket":2,"minecraft:cobblestone_slab":320,"exdeorum:nickel_ore_chunk":1,"exdeorum:tin_ore_chunk":5,"exdeorum:aluminum_ore_chunk":3,"mysticalagriculture:inferium_essence":1,"exdeorum:porcelain_bucket":1,"storagedrawers:oak_half_drawers_4":1,"exdeorum:diorite_pebble":147,"exdeorum:andesite_pebble":76,"minecraft:stone_pickaxe":3,"minecraft:enchanting_table":1,"exdeorum:stone_hammer":6},"minecraft:custom":{"minecraft:mob_kills":44,"minecraft:interact_with_crafting_table":54,"minecraft:leave_game":5,"minecraft:time_since_death":12242,"minecraft:climb_one_cm":3004,"minecraft:opened_chance_cube":14,"minecraft:sprint_one_cm":341188,"minecraft:walk_one_cm":941525,"minecraft:drop":111,"minecraft:talked_to_villager":10,"minecraft:play_time":458769,"minecraft:deaths":20,"minecraft:sneak_time":35128,"minecraft:walk_under_water_one_cm":7540,"minecraft:boat_one_cm":1955,"minecraft:jump":2307,"minecraft:walk_on_water_one_cm":28693,"minecraft:total_world_time":458769,"minecraft:interact_with_furnace":16,"minecraft:sleep_in_bed":3,"minecraft:time_since_rest":12271,"minecraft:damage_taken":9497,"minecraft:use_wand":1357,"minecraft:damage_dealt":3750,"minecraft:fly_one_cm":495826,"minecraft:open_chest":389,"minecraft:crouch_one_cm":121831,"minecraft:fall_one_cm":75269},"minecraft:killed_by":{"minecraft:player":8,"minecraft:magma_cube":1,"minecraft:blaze":1,"minecraft:phantom":1}},"DataVersion":3465}