{"stats":{"minecraft:dropped":{"minecraft:lapis_lazuli":2,"minecraft:oak_log":2,"minecraft:diamond":2,"exdeorum:copper_ore_chunk":7,"constructionwand:stone_wand":1,"exdeorum:gold_ore_chunk":4,"minecraft:flint":24,"exdeorum:unfired_porcelain_crucible":2,"exdeorum:oak_crucible":1,"exdeorum:compressed_stone_hammer":1,"mob_grinding_utils:mob_swab":1,"storagedrawers:oak_half_drawers_2":2,"minecraft:pumpkin_pie":1,"exdeorum:granite_pebble":75,"minecraft:sand":27,"minecraft:iron_pickaxe":1,"ironchests:copper_chest":1,"exdeorum:lead_ore_chunk":5,"thermal:raw_tin":1,"minecraft:gravel":422,"minecraft:stone_axe":3,"minecraft:diamond_block":2,"minecraft:iron_nugget":45,"exdeorum:string_mesh":4,"minecraft:wheat":20,"minecraft:pointed_dripstone":4,"exdeorum:silver_ore_chunk":4,"cobblefordays:tier_2":1,"mysticalagriculture:inferium_essence":1,"storagedrawers:oak_half_drawers_4":1,"minecraft:enchanting_table":1,"cookingforblockheads:crafting_book":1,"minecraft:iron_ingot":5,"minecraft:stone_hoe":2,"minecraft:wheat_seeds":96,"exdeorum:deepslate_pebble":26,"minecraft:cobblestone":137,"minecraft:mushroom_stew":1,"botania:cosmetic_thick_eyebrows":2,"exdeorum:porcelain_crucible":9,"cobblefordays:tier_1":2,"exdeorum:iron_ore_chunk":4,"minecraft:coal":10,"cookingforblockheads:recipe_book":1,"exdeorum:wooden_hammer":1,"minecraft:dead_bush":192,"minecraft:flowering_azalea":1,"ironchests:dirt_chest":1,"exdeorum:stone_pebble":894,"minecraft:bucket":1,"minecraft:moss_carpet":1,"minecraft:stone_sword":2,"botania:pebble":15,"woodenbucket:wooden_bucket":2,"minecraft:cobblestone_slab":320,"exdeorum:nickel_ore_chunk":1,"exdeorum:tin_ore_chunk":5,"exdeorum:aluminum_ore_chunk":3,"exdeorum:porcelain_bucket":1,"exdeorum:diorite_pebble":149,"exdeorum:andesite_pebble":76,"minecraft:stone_pickaxe":3,"minecraft:wooden_pickaxe":1,"exdeorum:stone_hammer":6},"minecraft:picked_up":{"exdeorum:porcelain_bucket":1,"exdeorum:mycelium_spores":2,"minecraft:wheat":20,"exdeorum:dust":4359,"redstone_arsenal:flux_metal_block":1,"minecraft:prismarine_shard":2,"minecraft:lead":4,"cyclic:crafting_stick":1,"exdeorum:iron_ore_chunk":346,"mob_grinding_utils:mob_swab":1,"exdeorum:stone_hammer":8,"exdeorum:grass_seeds":9,"minecraft:string":1,"craftingstation:crafting_station":2,"thermal:sulfur":7,"minecraft:sea_pickle":8,"mysticalagriculture:inferium_essence":6,"cobblefordays:tier_1":4,"minecraft:gold_nugget":66,"minecraft:comparator":3,"minecraft:bucket":1,"minecraft:redstone_torch":3,"minecraft:cobblestone_slab":204,"minecraft:azalea":4,"minecraft:iron_pickaxe":2,"minecraft:blue_wool":2,"minecraft:golden_helmet":1,"minecraft:stick":77,"minecraft:oak_fence":13,"minecraft:torch":107,"mysticalagriculture:prosperity_shard":55,"minecraft:pointed_dripstone":8,"woodenbucket:wooden_bucket":3,"thermal:apatite":9,"minecraft:cactus":44,"minecraft:rotten_flesh":4,"minecraft:light_blue_wool":5,"exdeorum:tin_ore_chunk":189,"minecraft:green_wool":14,"minecraft:iron_bars":3,"minecraft:blaze_powder":210,"minecraft:cobblestone":765,"exdeorum:osmium_ore_chunk":123,"minecraft:enchanting_table":1,"storagedrawers:oak_full_drawers_4":5,"minecraft:pink_petals":1,"minecraft:magma_cream":1,"minecraft:repeater":3,"minecraft:jungle_log":132,"minecraft:brown_wool":3,"enderio:grains_of_infinity":404,"minecraft:potato":7,"minecraft:flint":495,"cookingforblockheads:recipe_book":1,"ae2:charged_certus_quartz_crystal":1,"botania:pebble":8879,"minecraft:lapis_lazuli":166,"exdeorum:nickel_ore_chunk":175,"minecraft:dirt":122,"thermal:sapphire":12,"minecraft:bow":1,"minecraft:wheat_seeds":106,"minecraft:glowstone_dust":355,"minecraft:bamboo":2,"minecraft:moss_block":6,"minecraft:oak_planks":182,"thermal:raw_tin":1,"ae2:certus_quartz_crystal":9,"minecraft:poisonous_potato":3,"minecraft:sand":4871,"minecraft:dead_bush":1223,"minecraft:diamond_block":2,"minecraft:orange_wool":4,"sc:copper_coin":7,"minecraft:clay":48,"minecraft:diamond":141,"constructionwand:stone_wand":1,"cobblefordays:tier_2":2,"storagedrawers:oak_half_drawers_2":2,"minecraft:bone_meal":493,"exdeorum:copper_ore_chunk":311,"minecraft:emerald":110,"minecraft:rooted_dirt":1,"minecraft:oak_sapling":84,"minecraft:oak_leaves":50,"exdeorum:gold_ore_chunk":146,"minecraft:crafting_table":3,"botania:cosmetic_thick_eyebrows":1,"minecraft:purple_wool":9,"minecraft:ladder":22,"minecraft:redstone_lamp":3,"thermal:cinnabar":8,"minecraft:wooden_pickaxe":2,"minecraft:pink_wool":11,"storagedrawers:oak_half_drawers_4":1,"cyclic:compressed_cobblestone":2,"exdeorum:oak_barrel":14,"minecraft:oak_trapdoor":3,"minecraft:moss_carpet":1,"exdeorum:string_mesh":6,"exdeorum:granite_pebble":301,"minecraft:compass":1,"minecraft:magenta_wool":6,"reliquary:chelicerae":1,"minecraft:oak_boat":1,"ironchests:dirt_chest":1,"exdeorum:compressed_stone_hammer":6,"thermal:niter":9,"minecraft:cyan_wool":1,"minecraft:jungle_sapling":24,"minecraft:iron_nugget":2303,"minecraft:light_gray_wool":10,"lootboxesplus:uncommon_loot_bag":1,"exdeorum:wooden_hammer":1,"minecraft:sugar_cane":31,"minecraft:chest":11,"minecraft:birch_sapling":4,"minecraft:phantom_membrane":1,"minecraft:egg":1,"minecraft:lime_wool":6,"minecraft:dark_oak_sapling":4,"exdeorum:porcelain_crucible":14,"minecraft:cookie":20,"minecraft:carrot":14,"minecraft:redstone":468,"minecraft:prismarine_crystals":1,"cookingforblockheads:crafting_book":1,"minecraft:arrow":1,"exdeorum:unfired_porcelain_crucible":2,"ae2:certus_quartz_dust":335,"minecraft:pumpkin_pie":1,"exdeorum:diorite_pebble":359,"exdeorum:andesite_pebble":272,"minecraft:gold_ingot":9,"minecraft:mutton":14,"minecraft:white_wool":11,"minecraft:clock":1,"minecraft:golden_carrot":16,"ironchests:copper_chest":2,"minecraft:oak_log":317,"minecraft:gunpowder":553,"exdeorum:compressed_cobblestone":7,"ae2:sky_dust":309,"minecraft:apple":8,"minecraft:kelp":41,"exdeorum:oak_sieve":1,"exdeorum:stone_pebble":6076,"minecraft:iron_ingot":8,"minecraft:oak_fence_gate":2,"minecraft:acacia_sapling":4,"minecraft:flowering_azalea":2,"minecraft:oak_slab":175,"exdeorum:deepslate_pebble":4743,"exdeorum:lead_ore_chunk":153,"minecraft:sweet_berries":2,"minecraft:red_wool":12,"minecraft:gravel":8365,"minecraft:amethyst_shard":61,"minecraft:spruce_sapling":4,"exdeorum:silver_ore_chunk":129,"minecraft:green_carpet":605,"minecraft:spider_eye":1,"minecraft:pumpkin_seeds":9,"exdeorum:aluminum_ore_chunk":124,"minecraft:slime_ball":14,"lootboxesplus:common_loot_bag":1,"minecraft:gray_wool":3,"thermal:ruby":12,"minecraft:melon_seeds":7,"minecraft:black_wool":7,"minecraft:coal":410},"minecraft:killed":{"minecraft:witch":1,"minecraft:spider":1,"minecraft:guardian":1,"minecraft:silverfish":1,"minecraft:magma_cube":27,"minecraft:creeper":2,"minecraft:sheep":6,"minecraft:trader_llama":1,"minecraft:zombie":2,"minecraft:phantom":1},"minecraft:mined":{"minecraft:oak_sapling":2,"minecraft:jungle_leaves":173,"minecraft:orange_wool":8,"thermal:tin_ore":1,"exdeorum:compressed_sand":471,"minecraft:grass_block":29,"minecraft:brown_wool":7,"minecraft:jungle_log":132,"minecraft:blue_wool":5,"cobblefordays:tier_1":4,"minecraft:fire":2,"minecraft:moss_carpet":1,"minecraft:pointed_dripstone":1,"minecraft:iron_bars":3,"exdeorum:oak_sieve":1,"minecraft:green_carpet":219,"ironchests:copper_chest":1,"minecraft:torch":18,"minecraft:chest":11,"minecraft:cobblestone":864,"minecraft:sugar_cane":21,"minecraft:oak_planks":222,"minecraft:wall_torch":3,"minecraft:cyan_wool":3,"cobblefordays:tier_2":1,"minecraft:wheat":27,"exdeorum:dust":2,"minecraft:light_gray_wool":14,"minecraft:grass":2,"minecraft:oak_log":280,"exdeorum:oak_barrel":14,"minecraft:oak_fence_gate":2,"minecraft:sand":194,"minecraft:dirt":93,"minecraft:magenta_wool":7,"minecraft:oak_leaves":538,"minecraft:light_blue_wool":8,"cyclic:compressed_cobblestone":814,"gravestone:gravestone":15,"minecraft:lime_wool":9,"minecraft:moss_block":6,"minecraft:rooted_dirt":1,"minecraft:pink_wool":11,"minecraft:oak_trapdoor":2,"botania:mana_flame":1,"minecraft:diamond_block":2,"minecraft:cobblestone_slab":3,"minecraft:vine":1,"minecraft:white_wool":1,"minecraft:green_wool":19,"exdeorum:porcelain_crucible":5,"minecraft:oak_slab":101,"minecraft:red_wool":15,"exdeorum:infested_leaves":64,"minecraft:oak_fence":13,"storagedrawers:oak_full_drawers_4":5,"exdeorum:compressed_gravel":471,"minecraft:crafting_table":3,"craftingstation:crafting_station":2,"minecraft:gray_wool":7,"minecraft:purple_wool":14,"minecraft:black_wool":9,"minecraft:gravel":742},"minecraft:killed_by":{"minecraft:magma_cube":1,"minecraft:blaze":1,"minecraft:vex":1,"minecraft:player":8,"minecraft:phantom":1},"minecraft:used":{"minecraft:moss_block":1,"minecraft:ladder":27,"minecraft:chest":69,"woodenshears:wooden_shears":72,"minecraft:jungle_sapling":4,"minecraft:lava_bucket":1,"chancecubes:chance_cube":18,"supplementaries:candy":1,"minecraft:oak_sapling":23,"ironchests:copper_chest":1,"minecraft:stone_pickaxe":49,"minecraft:oak_planks":79,"minecraft:sugar_cane":7,"minecraft:cookie":2,"minecraft:sand":514,"minecraft:mushroom_stew":8,"exdeorum:compressed_gravel":471,"exdeorum:oak_barrel":23,"cobblefordays:tier_3":1,"minecraft:gravel":3856,"exdeorum:oak_crucible":1,"exdeorum:compressed_stone_hammer":1756,"minecraft:air":1,"botania:blaze_block":9,"minecraft:oak_trapdoor":6,"minecraft:oak_fence":53,"storagedrawers:oak_full_drawers_1":1,"exdeorum:compressed_sand":471,"exdeorum:crook":332,"minecraft:torch":119,"minecraft:dirt":102,"cobblefordays:tier_2":1,"minecraft:oak_fence_gate":4,"exdeorum:porcelain_crucible":14,"cobblefordays:tier_1":3,"minecraft:magenta_wool":1,"exdeorum:stone_hammer":1738,"minecraft:pointed_dripstone":1,"exdeorum:oak_sieve":9,"minecraft:water_bucket":1,"minecraft:lead":1,"minecraft:cobblestone_slab":719,"minecraft:oak_slab":927,"minecraft:crafting_table":3,"constructionwand:stone_wand":855,"minecraft:white_bed":2,"cyclic:compressed_cobblestone":814,"minecraft:oak_log":4,"exdeorum:dust":4368,"minecraft:apple":2,"craftingstation:crafting_station":6,"minecraft:iron_pickaxe":45,"minecraft:stone_axe":310,"minecraft:cobblestone":3824,"storagedrawers:oak_full_drawers_4":5,"minecraft:bucket":4},"minecraft:custom":{"minecraft:interact_with_crafting_table":54,"minecraft:leave_game":7,"minecraft:time_since_death":69572,"minecraft:sprint_one_cm":620303,"minecraft:drop":145,"minecraft:talked_to_villager":10,"minecraft:play_time":663271,"minecraft:deaths":28,"minecraft:jump":3653,"minecraft:walk_on_water_one_cm":34093,"minecraft:interact_with_furnace":34,"minecraft:sleep_in_bed":6,"minecraft:damage_dealt":3877,"minecraft:player_kills":1,"minecraft:crouch_one_cm":147825,"minecraft:mob_kills":44,"minecraft:climb_one_cm":6397,"minecraft:opened_chance_cube":18,"minecraft:walk_one_cm":1412002,"minecraft:sneak_time":43424,"minecraft:walk_under_water_one_cm":18858,"minecraft:boat_one_cm":5893,"minecraft:total_world_time":663271,"minecraft:time_since_rest":42317,"minecraft:damage_taken":13427,"minecraft:use_wand":5743,"minecraft:fly_one_cm":841382,"minecraft:open_chest":1002,"minecraft:fall_one_cm":116031},"minecraft:broken":{"exdeorum:compressed_stone_hammer":12,"woodenshears:wooden_shears":1,"minecraft:stone_axe":2,"minecraft:bow":1,"constructionwand:stone_wand":42,"exdeorum:stone_hammer":12,"exdeorum:crook":2},"minecraft:crafted":{"thermal:nickel_ore":69,"thermal:gunpowder_block":60,"minecraft:oak_planks":707,"minecraft:cobblestone_slab":858,"exdeorum:unfired_porcelain_crucible":9,"minecraft:granite":197,"exdeorum:compressed_sand":66,"immersiveengineering:ore_aluminum":54,"minecraft:chest":58,"minecraft:oak_button":2,"minecraft:stone_hoe":3,"exdeorum:stone_hammer":194,"minecraft:oak_fence":75,"exdeorum:porcelain_crucible":9,"cobblefordays:tier_2":1,"mekanism:ingot_tin":31,"minecraft:oak_slab":558,"exdeorum:oak_barrel":9,"woodenshears:wooden_shears":4,"minecraft:crafting_table":4,"minecraft:gold_ore":50,"minecraft:moss_block":2,"craftingstation:crafting_station":4,"minecraft:diorite":213,"cobblefordays:tier_1":2,"exdeorum:oak_crucible":1,"minecraft:charcoal":1,"minecraft:emerald_block":15,"constructionwand:stone_wand":54,"minecraft:stick":800,"minecraft:iron_ingot":301,"minecraft:iron_pickaxe":1,"minecraft:stone_sword":3,"minecraft:iron_ore":87,"exdeorum:oak_sieve":9,"woodenbucket:wooden_bucket":3,"exdeorum:dust":2303,"exdeorum:compressed_dust":256,"storagedrawers:upgrade_template":4,"mekanism:osmium_ore":42,"mekanism:lead_ore":57,"minecraft:cobbled_deepslate":1408,"botania:blaze_block":9,"thermal:tin_ore":45,"minecraft:diamond_block":19,"minecraft:oak_trapdoor":4,"immersiveengineering:ore_silver":47,"exdeorum:string_mesh":8,"minecraft:ladder":54,"minecraft:stone_pickaxe":8,"minecraft:clay_ball":184,"minecraft:redstone_block":47,"cyclic:compressed_cobblestone":1562,"minecraft:bowl":4,"exdeorum:compressed_stone_hammer":19,"minecraft:copper_ore":92,"minecraft:stone_axe":8,"minecraft:amethyst_block":36,"minecraft:air":0,"cobblefordays:tier_3":1,"exdeorum:crook":3,"exdeorum:porcelain_clay_ball":102,"minecraft:oak_fence_gate":2,"storagedrawers:iron_storage_upgrade":2,"exdeorum:compressed_gravel":370,"minecraft:cobblestone":4310,"minecraft:white_bed":2,"minecraft:andesite":194,"minecraft:torch":68,"minecraft:lapis_block":30}},"DataVersion":3465}