{"stats":{"minecraft:crafted":{"exdeorum:oak_crucible":1,"minecraft:oak_slab":330,"minecraft:oak_planks":220,"exdeorum:oak_barrel":3,"minecraft:crafting_table":2,"minecraft:stick":16,"minecraft:chest":10,"exdeorum:oak_sieve":1,"minecraft:oak_button":2,"minecraft:oak_trapdoor":4,"exdeorum:crook":3},"minecraft:custom":{"minecraft:time_since_rest":8310,"minecraft:sprint_one_cm":7081,"minecraft:damage_taken":320,"minecraft:walk_one_cm":110729,"minecraft:drop":5,"minecraft:damage_dealt":87,"minecraft:interact_with_crafting_table":18,"minecraft:fly_one_cm":10286,"minecraft:open_chest":10,"minecraft:crouch_one_cm":36379,"minecraft:play_time":38898,"minecraft:deaths":1,"minecraft:sneak_time":8737,"minecraft:jump":90,"minecraft:time_since_death":8286,"minecraft:walk_on_water_one_cm":1538,"minecraft:total_world_time":38898,"minecraft:fall_one_cm":311,"minecraft:opened_chance_cube":1},"minecraft:dropped":{"minecraft:oak_log":2,"exdeorum:oak_crucible":1,"exdeorum:wooden_hammer":1,"minecraft:pumpkin_pie":1},"minecraft:picked_up":{"minecraft:oak_slab":53,"minecraft:stick":25,"minecraft:crafting_table":1,"minecraft:torch":1,"minecraft:oak_log":79,"minecraft:dirt":2,"minecraft:oak_trapdoor":3,"minecraft:apple":6,"minecraft:pumpkin_pie":1,"minecraft:oak_sapling":41,"exdeorum:wooden_hammer":1,"minecraft:chest":3,"minecraft:oak_planks":16,"minecraft:egg":1},"minecraft:mined":{"minecraft:oak_slab":1,"minecraft:oak_trapdoor":2,"botania:mana_flame":1,"minecraft:crafting_table":1,"minecraft:oak_log":42,"minecraft:grass_block":2,"minecraft:chest":3,"minecraft:oak_leaves":423},"minecraft:broken":{"exdeorum:crook":1},"minecraft:used":{"minecraft:oak_trapdoor":5,"exdeorum:oak_barrel":3,"minecraft:apple":2,"chancecubes:chance_cube":2,"minecraft:chest":13,"exdeorum:crook":159,"supplementaries:candy":1,"minecraft:torch":1,"minecraft:dirt":2,"minecraft:oak_slab":354,"minecraft:crafting_table":3,"minecraft:oak_sapling":12}},"DataVersion":3465}