{"stats":{"minecraft:crafted":{"exdeorum:oak_crucible":1,"minecraft:oak_fence_gate":1,"minecraft:oak_slab":468,"minecraft:oak_planks":476,"exdeorum:oak_barrel":3,"minecraft:crafting_table":2,"minecraft:stick":16,"minecraft:chest":10,"exdeorum:oak_sieve":1,"minecraft:oak_button":2,"minecraft:oak_fence":27,"minecraft:oak_trapdoor":4,"exdeorum:crook":3},"minecraft:custom":{"minecraft:time_since_rest":20310,"minecraft:sprint_one_cm":21445,"minecraft:damage_taken":450,"minecraft:walk_one_cm":178388,"minecraft:drop":8,"minecraft:damage_dealt":96,"minecraft:interact_with_crafting_table":21,"minecraft:fly_one_cm":33260,"minecraft:open_chest":19,"minecraft:crouch_one_cm":41348,"minecraft:play_time":50898,"minecraft:deaths":1,"minecraft:sneak_time":9810,"minecraft:jump":176,"minecraft:time_since_death":20286,"minecraft:walk_on_water_one_cm":1538,"minecraft:total_world_time":50898,"minecraft:fall_one_cm":646,"minecraft:opened_chance_cube":3},"minecraft:dropped":{"woodenbucket:wooden_bucket":2,"exdeorum:string_mesh":1,"minecraft:oak_log":2,"exdeorum:oak_crucible":1,"exdeorum:wooden_hammer":1,"minecraft:pumpkin_pie":1},"minecraft:picked_up":{"minecraft:oak_slab":56,"minecraft:stick":33,"minecraft:crafting_table":1,"minecraft:torch":1,"minecraft:oak_log":143,"minecraft:dirt":2,"minecraft:oak_trapdoor":3,"woodenbucket:wooden_bucket":2,"exdeorum:string_mesh":1,"minecraft:apple":6,"minecraft:pumpkin_pie":1,"minecraft:oak_sapling":49,"exdeorum:wooden_hammer":1,"minecraft:chest":3,"minecraft:oak_planks":21,"minecraft:egg":1},"minecraft:mined":{"minecraft:oak_slab":1,"minecraft:oak_trapdoor":2,"botania:mana_flame":1,"minecraft:crafting_table":1,"minecraft:oak_log":106,"minecraft:grass_block":2,"minecraft:chest":3,"minecraft:oak_planks":6,"minecraft:oak_leaves":423},"minecraft:broken":{"exdeorum:crook":1},"minecraft:used":{"minecraft:oak_fence":11,"minecraft:oak_trapdoor":5,"exdeorum:oak_barrel":3,"minecraft:apple":2,"chancecubes:chance_cube":4,"minecraft:oak_planks":5,"minecraft:chest":13,"exdeorum:crook":159,"supplementaries:candy":1,"minecraft:torch":1,"minecraft:dirt":2,"minecraft:oak_slab":496,"minecraft:crafting_table":3,"minecraft:oak_sapling":12,"minecraft:oak_fence_gate":1}},"DataVersion":3465}