{"stats":{"minecraft:crafted":{"extendedcrafting:redstone_ingot":12,"thermal:nickel_ore":158,"thermal:gunpowder_block":60,"minecraft:oak_planks":947,"minecraft:cobblestone_slab":858,"minecraft:white_tulip":1,"minecraft:sand":11124,"minecraft:stone":0,"exdeorum:unfired_porcelain_crucible":9,"minecraft:cooked_mutton":2,"minecraft:granite":197,"betterfurnacesreforged:ore_processing_upgrade":1,"exdeorum:compressed_sand":1456,"immersiveengineering:ore_aluminum":130,"minecraft:melon_seeds":1,"mysticalagriculture:watering_can":2,"minecraft:chest":58,"minecraft:oak_button":2,"ae2:quartz_block":262,"minecraft:stone_hoe":3,"minecraft:magenta_dye":3,"minecraft:oak_fence":75,"exdeorum:stone_hammer":418,"exdeorum:porcelain_crucible":9,"cobblefordays:tier_2":1,"mekanism:ingot_tin":31,"minecraft:oak_slab":618,"minecraft:emerald":9,"exdeorum:oak_barrel":9,"woodenshears:wooden_shears":4,"betterfurnacesreforged:iron_furnace":1,"minecraft:crafting_table":4,"minecraft:gold_ore":121,"minecraft:baked_potato":165,"minecraft:moss_block":2,"craftingstation:crafting_station":4,"minecraft:diorite":213,"cobblefordays:tier_1":2,"exdeorum:oak_crucible":1,"minecraft:cornflower":1,"minecraft:charcoal":1,"betterfurnacesreforged:iron_conductor_block":2,"minecraft:emerald_block":15,"betterfurnacesreforged:gold_conductor_block":1,"exdeorum:flint_mesh":16,"constructionwand:stone_wand":54,"minecraft:stick":1584,"minecraft:stone_slab":6,"cyclic:flint_block":458,"minecraft:iron_ingot":1005,"minecraft:iron_pickaxe":1,"minecraft:iron_block":1,"minecraft:stone_sword":3,"exdeorum:compressed_diamond_hammer":1,"minecraft:iron_ore":230,"minecraft:gold_ingot":333,"exdeorum:oak_sieve":25,"woodenbucket:wooden_bucket":3,"exdeorum:dust":2303,"exdeorum:compressed_dust":256,"minecraft:composter":2,"storagedrawers:upgrade_template":4,"mekanism:osmium_ore":109,"minecraft:redstone":27,"mekanism:lead_ore":147,"minecraft:cobbled_deepslate":4249,"botania:blaze_block":9,"exdeorum:diamond_mesh":25,"thermal:tin_ore":149,"minecraft:diamond_block":19,"minecraft:oak_trapdoor":4,"cyclic:emerald_pickaxe":2,"minecraft:diamond":63,"minecraft:blue_ice":1,"immersiveengineering:ore_silver":120,"betterfurnacesreforged:diamond_furnace":1,"exdeorum:string_mesh":22,"minecraft:ladder":54,"minecraft:stone_pickaxe":8,"betterfurnacesreforged:gold_furnace":1,"minecraft:clay_ball":184,"minecraft:redstone_block":47,"exdeorum:iron_mesh":16,"cyclic:compressed_cobblestone":3331,"minecraft:coal_block":64,"constructionwand:diamond_wand":2,"exdeorum:golden_mesh":25,"exdeorum:stone_barrel":1,"exdeorum:diamond_hammer":9,"minecraft:bowl":4,"minecraft:copper_ore":160,"exdeorum:compressed_stone_hammer":42,"minecraft:stone_axe":8,"minecraft:amethyst_block":36,"minecraft:air":0,"cobblefordays:tier_3":1,"exdeorum:crook":19,"exdeorum:porcelain_clay_ball":102,"minecraft:oak_fence_gate":2,"storagedrawers:iron_storage_upgrade":2,"exdeorum:compressed_gravel":1934,"minecraft:cobblestone":4310,"minecraft:flint":558,"minecraft:white_bed":2,"minecraft:andesite":194,"minecraft:torch":68,"cyclic:emerald_sword":2,"minecraft:lapis_block":47},"minecraft:killed":{"minecraft:witch":2,"minecraft:spider":1,"minecraft:guardian":1,"minecraft:bee":2,"minecraft:silverfish":1,"minecraft:magma_cube":86,"minecraft:creeper":2,"minecraft:sheep":6,"minecraft:trader_llama":3,"minecraft:pillager":3,"minecraft:zombie":9,"minecraft:vex":5,"minecraft:slime":91,"minecraft:phantom":2,"minecraft:bat":2,"minecraft:wandering_trader":1},"minecraft:picked_up":{"exdeorum:porcelain_bucket":1,"exdeorum:mycelium_spores":2,"minecraft:wheat":20,"exdeorum:dust":4359,"redstone_arsenal:flux_metal_block":1,"minecraft:prismarine_shard":1119,"minecraft:lead":6,"cyclic:crafting_stick":1,"exdeorum:iron_ore_chunk":753,"mob_grinding_utils:mob_swab":1,"exdeorum:stone_hammer":11,"reliquary:slime_pearl":2,"exdeorum:grass_seeds":9,"minecraft:string":363,"craftingstation:crafting_station":2,"thermal:sulfur":7,"minecraft:sea_pickle":8,"cobblefordays:tier_1":4,"mysticalagriculture:inferium_essence":10,"minecraft:gold_nugget":2871,"minecraft:comparator":3,"minecraft:bucket":1,"minecraft:redstone_torch":3,"minecraft:cobblestone_slab":204,"minecraft:azalea":4,"minecraft:iron_pickaxe":2,"minecraft:melon_slice":19,"minecraft:furnace":1,"minecraft:blue_wool":2,"minecraft:golden_helmet":1,"minecraft:stick":164,"minecraft:composter":1,"minecraft:oak_fence":13,"minecraft:torch":108,"mysticalagriculture:prosperity_shard":55,"minecraft:snow_block":2,"minecraft:pointed_dripstone":8,"exdeorum:compressed_gravel":64,"woodenbucket:wooden_bucket":3,"thermal:apatite":9,"minecraft:cactus":44,"minecraft:rotten_flesh":22,"minecraft:light_blue_wool":5,"exdeorum:tin_ore_chunk":477,"reliquary:bat_wing":1,"minecraft:green_wool":14,"minecraft:obsidian":5,"minecraft:iron_bars":3,"minecraft:blaze_powder":210,"minecraft:cobblestone":6682,"exdeorum:osmium_ore_chunk":302,"minecraft:enchanting_table":1,"storagedrawers:oak_full_drawers_4":6,"minecraft:pink_petals":1,"exdeorum:stone_barrel":1,"minecraft:repeater":3,"minecraft:magma_cream":8,"minecraft:jungle_log":132,"minecraft:brown_wool":3,"reliquary:molten_core":2,"enderio:grains_of_infinity":404,"minecraft:potato":90,"minecraft:flint":3556,"cookingforblockheads:recipe_book":1,"ae2:charged_certus_quartz_crystal":247,"botania:pebble":8879,"exdeorum:nickel_ore_chunk":443,"minecraft:lapis_lazuli":514,"minecraft:dirt":150,"thermal:sapphire":12,"minecraft:bone":2,"minecraft:bow":1,"minecraft:wheat_seeds":106,"minecraft:raw_gold":1,"minecraft:bamboo":2,"minecraft:glowstone_dust":356,"minecraft:moss_block":6,"minecraft:oak_planks":183,"thermal:raw_tin":1,"ae2:certus_quartz_crystal":1177,"minecraft:poisonous_potato":4,"minecraft:sand":19395,"minecraft:dead_bush":1223,"minecraft:diamond_block":2,"minecraft:mossy_cobblestone":2,"minecraft:orange_wool":4,"sc:copper_coin":7,"exdeorum:diamond_mesh":2,"minecraft:clay":48,"minecraft:diamond":300,"constructionwand:stone_wand":1,"cobblefordays:tier_2":2,"storagedrawers:oak_half_drawers_2":2,"chancecubes:chance_cube":1,"minecraft:bone_meal":496,"minecraft:golden_apple":1,"exdeorum:copper_ore_chunk":525,"minecraft:emerald":282,"minecraft:jack_o_lantern":2,"minecraft:rooted_dirt":1,"minecraft:oak_sapling":239,"minecraft:oak_leaves":50,"exdeorum:gold_ore_chunk":348,"minecraft:crafting_table":3,"botania:cosmetic_thick_eyebrows":1,"minecraft:purple_wool":9,"minecraft:ladder":22,"minecraft:redstone_lamp":3,"thermal:cinnabar":8,"minecraft:wooden_pickaxe":2,"minecraft:pink_wool":11,"storagedrawers:oak_half_drawers_4":1,"cyclic:compressed_cobblestone":2,"exdeorum:oak_barrel":14,"minecraft:oak_trapdoor":3,"minecraft:moss_carpet":1,"exdeorum:granite_pebble":301,"exdeorum:string_mesh":6,"minecraft:compass":1,"minecraft:magenta_wool":6,"reliquary:chelicerae":1,"exdeorum:golden_mesh":11,"exdeorum:iron_mesh":9,"minecraft:oak_boat":1,"ironchests:dirt_chest":1,"minecraft:cyan_wool":1,"thermal:niter":9,"lootboxesplus:uncommon_loot_bag":2,"minecraft:jungle_sapling":24,"minecraft:iron_nugget":7488,"exdeorum:compressed_stone_hammer":6,"minecraft:light_gray_wool":10,"exdeorum:wooden_hammer":1,"minecraft:sugar_cane":31,"minecraft:chest":11,"minecraft:birch_sapling":4,"minecraft:phantom_membrane":1,"minecraft:egg":1,"minecraft:dark_oak_sapling":4,"minecraft:lime_wool":6,"exdeorum:porcelain_crucible":14,"minecraft:cookie":24,"minecraft:carrot":14,"minecraft:redstone":468,"minecraft:prismarine_crystals":1112,"cookingforblockheads:crafting_book":1,"exdeorum:silk_worm":17,"minecraft:arrow":1,"minecraft:pumpkin_pie":1,"exdeorum:unfired_porcelain_crucible":2,"ae2:certus_quartz_dust":335,"exdeorum:diorite_pebble":359,"exdeorum:andesite_pebble":272,"minecraft:gold_ingot":9,"minecraft:mutton":14,"minecraft:white_wool":11,"minecraft:clock":1,"minecraft:golden_carrot":18,"minecraft:leather":3,"ironchests:copper_chest":2,"minecraft:oak_log":1318,"minecraft:gunpowder":553,"minecraft:white_banner":1,"exdeorum:compressed_cobblestone":7,"ae2:sky_dust":309,"minecraft:apple":24,"minecraft:kelp":41,"exdeorum:stone_pebble":6099,"exdeorum:oak_sieve":2,"minecraft:iron_ingot":9,"minecraft:oak_fence_gate":2,"betterfurnacesreforged:iron_furnace":1,"minecraft:glass_bottle":2,"minecraft:acacia_sapling":4,"minecraft:flowering_azalea":2,"minecraft:oak_slab":175,"exdeorum:deepslate_pebble":13931,"exdeorum:lead_ore_chunk":417,"minecraft:sweet_berries":2,"minecraft:red_wool":12,"minecraft:gravel":26238,"minecraft:amethyst_shard":200,"minecraft:spruce_sapling":4,"exdeorum:silver_ore_chunk":366,"minecraft:green_carpet":605,"minecraft:spider_eye":1,"minecraft:pumpkin_seeds":9,"ironchests:iron_chest":1,"minecraft:slime_ball":71,"exdeorum:aluminum_ore_chunk":365,"lootboxesplus:common_loot_bag":4,"ironchests:gold_chest":1,"minecraft:gray_wool":3,"thermal:ruby":12,"minecraft:melon_seeds":11,"minecraft:black_wool":7,"minecraft:coal":548},"minecraft:mined":{"minecraft:oak_sapling":5,"minecraft:farmland":24,"minecraft:jungle_leaves":173,"minecraft:orange_wool":8,"thermal:tin_ore":1,"minecraft:obsidian":5,"exdeorum:compressed_sand":471,"minecraft:grass_block":29,"minecraft:brown_wool":7,"minecraft:jungle_log":132,"minecraft:blue_wool":5,"minecraft:composter":1,"cobblefordays:tier_1":4,"minecraft:fire":3,"minecraft:moss_carpet":1,"minecraft:pointed_dripstone":1,"minecraft:iron_bars":3,"exdeorum:oak_sieve":2,"minecraft:green_carpet":219,"ironchests:copper_chest":1,"minecraft:torch":18,"minecraft:melon":3,"minecraft:chest":11,"minecraft:cobblestone":867,"minecraft:sugar_cane":21,"minecraft:oak_planks":223,"minecraft:wall_torch":3,"minecraft:cyan_wool":3,"cobblefordays:tier_2":1,"minecraft:wheat":27,"exdeorum:dust":2,"exdeorum:stone_barrel":1,"minecraft:light_gray_wool":14,"minecraft:grass":2,"minecraft:oak_log":1345,"exdeorum:oak_barrel":14,"minecraft:oak_fence_gate":2,"minecraft:sand":200,"minecraft:dirt":96,"minecraft:magenta_wool":7,"minecraft:oak_leaves":1159,"minecraft:light_blue_wool":8,"minecraft:mossy_cobblestone":2,"cyclic:compressed_cobblestone":2803,"gravestone:gravestone":19,"betterfurnacesreforged:iron_furnace":1,"minecraft:lime_wool":9,"minecraft:moss_block":6,"minecraft:rooted_dirt":1,"minecraft:pink_wool":11,"minecraft:oak_trapdoor":2,"minecraft:furnace":1,"botania:mana_flame":1,"minecraft:diamond_block":2,"minecraft:potatoes":21,"minecraft:cobblestone_slab":3,"minecraft:vine":1,"minecraft:stone":6,"minecraft:white_wool":1,"minecraft:green_wool":19,"exdeorum:porcelain_crucible":5,"minecraft:oak_slab":101,"minecraft:red_wool":15,"exdeorum:infested_leaves":862,"minecraft:oak_fence":13,"storagedrawers:oak_full_drawers_4":6,"exdeorum:compressed_gravel":2099,"minecraft:crafting_table":3,"craftingstation:crafting_station":2,"minecraft:gray_wool":7,"minecraft:purple_wool":14,"minecraft:bee_nest":1,"minecraft:black_wool":9,"minecraft:gravel":742},"minecraft:used":{"minecraft:moss_block":1,"minecraft:ladder":27,"minecraft:chest":69,"minecraft:stone":13,"woodenshears:wooden_shears":72,"minecraft:jungle_sapling":4,"minecraft:lava_bucket":7,"chancecubes:chance_cube":25,"supplementaries:candy":1,"minecraft:oak_sapling":207,"ironchests:copper_chest":1,"minecraft:stone_pickaxe":49,"minecraft:oak_planks":82,"minecraft:composter":2,"minecraft:sugar_cane":7,"minecraft:cookie":2,"minecraft:sand":13198,"minecraft:mushroom_stew":11,"exdeorum:compressed_gravel":2099,"betterfurnacesreforged:iron_furnace":1,"exdeorum:oak_barrel":23,"cobblefordays:tier_3":1,"minecraft:melon_slice":2,"minecraft:gravel":7692,"exdeorum:oak_crucible":1,"exdeorum:compressed_stone_hammer":3748,"minecraft:air":1,"botania:blaze_block":9,"minecraft:oak_fence":53,"minecraft:oak_trapdoor":6,"storagedrawers:oak_full_drawers_1":1,"exdeorum:compressed_diamond_hammer":1561,"exdeorum:compressed_sand":471,"exdeorum:crook":1472,"minecraft:torch":120,"cyclic:emerald_sword":204,"minecraft:dirt":200,"cobblefordays:tier_2":1,"cyclic:emerald_pickaxe":17,"minecraft:granite":1,"exdeorum:silk_worm":7,"minecraft:oak_fence_gate":4,"betterfurnacesreforged:diamond_furnace":1,"exdeorum:porcelain_crucible":14,"cobblefordays:tier_1":3,"minecraft:magenta_wool":1,"exdeorum:stone_hammer":1802,"constructionwand:diamond_wand":93,"minecraft:pointed_dripstone":1,"exdeorum:oak_sieve":26,"minecraft:wheat_seeds":44,"minecraft:water_bucket":3,"minecraft:lead":1,"minecraft:baked_potato":79,"minecraft:cobblestone_slab":719,"minecraft:mossy_cobblestone":2,"minecraft:oak_slab":927,"minecraft:crafting_table":3,"constructionwand:stone_wand":910,"minecraft:white_bed":2,"cyclic:compressed_cobblestone":2803,"exdeorum:stone_barrel":2,"exdeorum:dust":4368,"exdeorum:grass_seeds":1,"minecraft:oak_log":64,"minecraft:apple":2,"craftingstation:crafting_station":6,"minecraft:iron_pickaxe":52,"minecraft:stone_axe":310,"minecraft:cobblestone":3834,"storagedrawers:oak_full_drawers_4":6,"minecraft:bucket":8},"minecraft:broken":{"constructionwand:diamond_wand":1,"exdeorum:compressed_stone_hammer":26,"woodenshears:wooden_shears":1,"minecraft:stone_axe":2,"exdeorum:compressed_diamond_hammer":1,"minecraft:bow":1,"constructionwand:stone_wand":45,"exdeorum:stone_hammer":12,"exdeorum:crook":10},"minecraft:killed_by":{"minecraft:magma_cube":3,"minecraft:blaze":1,"minecraft:vex":2,"minecraft:player":8,"minecraft:enderman":1,"minecraft:phantom":1},"minecraft:custom":{"minecraft:interact_with_crafting_table":54,"minecraft:leave_game":9,"minecraft:time_since_death":76935,"minecraft:sprint_one_cm":967049,"minecraft:drop":176,"minecraft:talked_to_villager":15,"minecraft:play_time":976298,"minecraft:deaths":32,"minecraft:jump":5649,"minecraft:walk_on_water_one_cm":47325,"minecraft:interact_with_furnace":65,"minecraft:traded_with_villager":5,"minecraft:sleep_in_bed":11,"minecraft:damage_dealt":12046,"minecraft:player_kills":1,"minecraft:crouch_one_cm":149386,"minecraft:interact_with_smoker":15,"minecraft:mob_kills":218,"minecraft:climb_one_cm":7283,"minecraft:opened_chance_cube":27,"minecraft:walk_one_cm":1858477,"minecraft:sneak_time":46896,"minecraft:walk_under_water_one_cm":20406,"minecraft:boat_one_cm":5893,"minecraft:total_world_time":976298,"minecraft:time_since_rest":76959,"minecraft:damage_taken":16502,"minecraft:use_wand":9248,"minecraft:fly_one_cm":1329736,"minecraft:open_chest":1761,"minecraft:fall_one_cm":141781},"minecraft:dropped":{"minecraft:lapis_lazuli":2,"minecraft:oak_log":2,"minecraft:diamond":2,"ironchests:gold_chest":1,"exdeorum:copper_ore_chunk":7,"constructionwand:stone_wand":1,"exdeorum:golden_mesh":2,"chancecubes:chance_cube":1,"exdeorum:gold_ore_chunk":4,"minecraft:flint":24,"exdeorum:unfired_porcelain_crucible":2,"exdeorum:oak_crucible":1,"exdeorum:compressed_stone_hammer":1,"mob_grinding_utils:mob_swab":1,"storagedrawers:oak_half_drawers_2":2,"minecraft:jack_o_lantern":1,"exdeorum:granite_pebble":75,"minecraft:pumpkin_pie":1,"minecraft:gold_nugget":6,"minecraft:bone_meal":1,"minecraft:sand":27,"minecraft:iron_pickaxe":1,"ironchests:copper_chest":1,"exdeorum:lead_ore_chunk":5,"thermal:raw_tin":1,"minecraft:gravel":422,"minecraft:stone_axe":3,"minecraft:diamond_block":2,"minecraft:iron_nugget":55,"exdeorum:string_mesh":4,"minecraft:wheat":20,"minecraft:pointed_dripstone":4,"exdeorum:silver_ore_chunk":4,"cobblefordays:tier_2":1,"mysticalagriculture:inferium_essence":1,"storagedrawers:oak_half_drawers_4":1,"minecraft:enchanting_table":1,"cookingforblockheads:crafting_book":1,"minecraft:iron_ingot":9,"minecraft:stone_hoe":2,"minecraft:wheat_seeds":96,"exdeorum:deepslate_pebble":29,"minecraft:cobblestone":201,"minecraft:mushroom_stew":1,"cobblefordays:tier_1":2,"minecraft:coal":10,"botania:cosmetic_thick_eyebrows":2,"minecraft:stick":1,"exdeorum:porcelain_crucible":9,"exdeorum:iron_ore_chunk":4,"ironchests:iron_chest":1,"mysticalagriculture:watering_can":1,"cookingforblockheads:recipe_book":1,"exdeorum:wooden_hammer":1,"minecraft:dead_bush":192,"minecraft:flowering_azalea":1,"ironchests:dirt_chest":1,"cyclic:emerald_sword":1,"minecraft:bucket":1,"exdeorum:stone_pebble":917,"minecraft:furnace":8,"minecraft:moss_carpet":1,"exdeorum:diamond_mesh":2,"minecraft:stone_sword":2,"botania:pebble":15,"cyclic:emerald_pickaxe":1,"woodenbucket:wooden_bucket":2,"minecraft:cobblestone_slab":320,"exdeorum:nickel_ore_chunk":1,"exdeorum:tin_ore_chunk":5,"exdeorum:aluminum_ore_chunk":3,"exdeorum:porcelain_bucket":1,"exdeorum:diorite_pebble":149,"minecraft:wooden_pickaxe":1,"exdeorum:andesite_pebble":76,"minecraft:stone_pickaxe":3,"redstone_arsenal:flux_metal_block":1,"exdeorum:stone_hammer":9}},"DataVersion":3465}