{"stats":{"minecraft:crafted":{"minecraft:oak_slab":36,"minecraft:oak_planks":20,"minecraft:crafting_table":1,"minecraft:oak_trapdoor":4},"minecraft:custom":{"minecraft:time_since_rest":14898,"minecraft:crouch_one_cm":12806,"minecraft:play_time":14898,"minecraft:sprint_one_cm":133,"minecraft:damage_taken":100,"minecraft:walk_one_cm":22013,"minecraft:sneak_time":3473,"minecraft:drop":1,"minecraft:jump":17,"minecraft:damage_dealt":5,"minecraft:walk_on_water_one_cm":969,"minecraft:time_since_death":14898,"minecraft:total_world_time":14898,"minecraft:fall_one_cm":311,"minecraft:interact_with_crafting_table":3,"minecraft:fly_one_cm":110},"minecraft:dropped":{"minecraft:oak_log":1},"minecraft:picked_up":{"minecraft:crafting_table":1,"minecraft:oak_slab":50,"minecraft:apple":2,"minecraft:torch":1,"minecraft:oak_log":6,"minecraft:oak_sapling":8,"minecraft:oak_trapdoor":3,"minecraft:oak_planks":16,"minecraft:dirt":2,"minecraft:stick":1},"minecraft:mined":{"minecraft:oak_slab":1,"minecraft:oak_trapdoor":2,"minecraft:grass_block":2,"minecraft:oak_log":13,"botania:mana_flame":1,"minecraft:crafting_table":1,"minecraft:oak_leaves":80},"minecraft:used":{"minecraft:oak_trapdoor":4,"minecraft:torch":1,"minecraft:apple":1,"minecraft:dirt":2,"chancecubes:chance_cube":1,"minecraft:oak_slab":86,"minecraft:crafting_table":2,"minecraft:oak_sapling":3}},"DataVersion":3465}