{"stats":{"minecraft:crafted":{"exdeorum:oak_crucible":1,"minecraft:oak_fence_gate":2,"minecraft:oak_slab":546,"minecraft:oak_planks":476,"exdeorum:oak_barrel":3,"minecraft:crafting_table":2,"minecraft:stick":16,"minecraft:chest":10,"exdeorum:oak_sieve":1,"minecraft:oak_button":2,"minecraft:oak_fence":27,"minecraft:oak_trapdoor":4,"exdeorum:crook":3},"minecraft:custom":{"minecraft:time_since_rest":9701,"minecraft:sprint_one_cm":45507,"minecraft:damage_taken":2010,"minecraft:walk_one_cm":235311,"minecraft:drop":8,"minecraft:damage_dealt":96,"minecraft:interact_with_crafting_table":22,"minecraft:fly_one_cm":55305,"minecraft:open_chest":19,"minecraft:crouch_one_cm":58513,"minecraft:play_time":62898,"minecraft:deaths":2,"minecraft:walk_under_water_one_cm":2855,"minecraft:sneak_time":12721,"minecraft:jump":268,"minecraft:time_since_death":9672,"minecraft:walk_on_water_one_cm":2215,"minecraft:total_world_time":62898,"minecraft:fall_one_cm":17973,"minecraft:opened_chance_cube":4},"minecraft:dropped":{"woodenbucket:wooden_bucket":2,"exdeorum:string_mesh":1,"minecraft:oak_log":2,"exdeorum:oak_crucible":1,"exdeorum:wooden_hammer":1,"minecraft:pumpkin_pie":1},"minecraft:picked_up":{"minecraft:oak_slab":58,"minecraft:stick":38,"minecraft:crafting_table":1,"minecraft:oak_fence":1,"minecraft:torch":9,"minecraft:oak_log":143,"minecraft:dirt":34,"minecraft:oak_trapdoor":3,"woodenbucket:wooden_bucket":2,"exdeorum:string_mesh":1,"minecraft:apple":6,"minecraft:pumpkin_pie":1,"minecraft:oak_sapling":53,"exdeorum:wooden_hammer":1,"minecraft:chest":3,"minecraft:oak_planks":21,"minecraft:egg":1},"minecraft:killed_by":{"minecraft:blaze":1},"minecraft:mined":{"minecraft:oak_slab":1,"minecraft:oak_trapdoor":2,"botania:mana_flame":1,"exdeorum:infested_leaves":64,"minecraft:torch":5,"gravestone:gravestone":1,"minecraft:oak_fence":1,"minecraft:crafting_table":1,"minecraft:oak_log":106,"minecraft:grass_block":2,"minecraft:chest":3,"minecraft:dirt":32,"minecraft:oak_planks":6,"minecraft:oak_leaves":487,"minecraft:wall_torch":2},"minecraft:broken":{"exdeorum:crook":1},"minecraft:used":{"minecraft:oak_fence":11,"minecraft:oak_trapdoor":5,"exdeorum:oak_barrel":3,"minecraft:apple":2,"chancecubes:chance_cube":5,"minecraft:oak_planks":40,"minecraft:chest":13,"exdeorum:crook":159,"supplementaries:candy":1,"minecraft:torch":9,"minecraft:dirt":2,"minecraft:oak_slab":718,"minecraft:crafting_table":3,"minecraft:oak_sapling":12,"minecraft:oak_fence_gate":2}},"DataVersion":3465}