{"stats":{"minecraft:broken":{"constructionwand:stone_wand":9,"exdeorum:stone_hammer":12,"woodenshears:wooden_shears":1,"exdeorum:crook":1},"minecraft:crafted":{"minecraft:oak_planks":648,"minecraft:cobblestone_slab":858,"minecraft:oak_trapdoor":4,"exdeorum:string_mesh":8,"minecraft:stone_pickaxe":5,"minecraft:chest":14,"minecraft:oak_button":2,"minecraft:stone_hoe":3,"minecraft:oak_fence":27,"exdeorum:stone_hammer":23,"cyclic:compressed_cobblestone":1,"minecraft:oak_slab":558,"exdeorum:oak_barrel":9,"woodenshears:wooden_shears":4,"minecraft:crafting_table":2,"craftingstation:crafting_station":2,"minecraft:stone_axe":6,"minecraft:air":0,"exdeorum:crook":3,"exdeorum:oak_crucible":1,"minecraft:oak_fence_gate":2,"minecraft:cobblestone":2518,"minecraft:charcoal":1,"constructionwand:stone_wand":16,"minecraft:stick":112,"minecraft:stone_sword":3,"exdeorum:oak_sieve":9,"woodenbucket:wooden_bucket":3,"minecraft:white_bed":2,"minecraft:torch":4},"minecraft:mined":{"minecraft:oak_sapling":2,"minecraft:light_blue_wool":8,"minecraft:orange_wool":8,"gravestone:gravestone":7,"minecraft:grass_block":2,"minecraft:brown_wool":7,"minecraft:lime_wool":9,"minecraft:blue_wool":5,"minecraft:pink_wool":11,"minecraft:oak_trapdoor":2,"botania:mana_flame":1,"exdeorum:oak_sieve":1,"minecraft:white_wool":1,"minecraft:green_wool":19,"minecraft:oak_slab":14,"minecraft:red_wool":15,"exdeorum:infested_leaves":64,"storagedrawers:oak_full_drawers_4":3,"minecraft:oak_fence":1,"minecraft:crafting_table":3,"minecraft:torch":7,"minecraft:chest":5,"minecraft:cobblestone":805,"minecraft:oak_planks":137,"minecraft:wall_torch":3,"minecraft:purple_wool":14,"minecraft:cyan_wool":3,"minecraft:gray_wool":7,"exdeorum:dust":2,"minecraft:light_gray_wool":14,"minecraft:black_wool":9,"minecraft:oak_log":269,"exdeorum:oak_barrel":4,"minecraft:sand":178,"minecraft:gravel":742,"minecraft:dirt":37,"minecraft:magenta_wool":7,"minecraft:oak_leaves":538},"minecraft:picked_up":{"minecraft:crafting_table":3,"minecraft:purple_wool":9,"exdeorum:dust":178,"minecraft:prismarine_shard":2,"minecraft:lead":2,"minecraft:pink_wool":11,"storagedrawers:oak_half_drawers_4":1,"exdeorum:oak_barrel":4,"minecraft:oak_trapdoor":3,"minecraft:string":1,"exdeorum:string_mesh":3,"minecraft:magenta_wool":6,"mysticalagriculture:inferium_essence":4,"minecraft:gold_nugget":32,"minecraft:cobblestone_slab":202,"minecraft:cyan_wool":1,"minecraft:light_gray_wool":10,"exdeorum:wooden_hammer":1,"minecraft:chest":5,"minecraft:phantom_membrane":1,"minecraft:egg":1,"minecraft:blue_wool":2,"minecraft:golden_helmet":1,"minecraft:lime_wool":6,"minecraft:stick":63,"minecraft:oak_fence":1,"mysticalagriculture:prosperity_shard":2,"minecraft:torch":27,"minecraft:redstone":6,"minecraft:prismarine_crystals":1,"woodenbucket:wooden_bucket":3,"minecraft:rotten_flesh":4,"minecraft:light_blue_wool":5,"ae2:certus_quartz_dust":5,"minecraft:pumpkin_pie":1,"minecraft:green_wool":14,"minecraft:gold_ingot":8,"minecraft:mutton":14,"minecraft:blaze_powder":2,"minecraft:white_wool":11,"storagedrawers:oak_full_drawers_4":3,"minecraft:golden_carrot":16,"minecraft:brown_wool":3,"enderio:grains_of_infinity":8,"minecraft:oak_log":306,"minecraft:gunpowder":12,"botania:pebble":8862,"minecraft:dirt":40,"ae2:sky_dust":4,"minecraft:apple":8,"exdeorum:oak_sieve":1,"minecraft:oak_planks":97,"minecraft:oak_slab":64,"minecraft:red_wool":12,"minecraft:gravel":824,"minecraft:sand":731,"minecraft:orange_wool":4,"sc:copper_coin":5,"minecraft:clay":48,"constructionwand:stone_wand":1,"storagedrawers:oak_half_drawers_2":2,"minecraft:bone_meal":8,"minecraft:gray_wool":3,"minecraft:oak_sapling":80,"minecraft:black_wool":7,"minecraft:oak_leaves":50},"minecraft:killed":{"minecraft:witch":1,"minecraft:spider":1,"minecraft:phantom":1,"minecraft:guardian":1,"minecraft:creeper":2,"minecraft:sheep":6,"minecraft:trader_llama":1,"minecraft:zombie":2},"minecraft:used":{"minecraft:oak_trapdoor":6,"minecraft:oak_fence":11,"minecraft:chest":19,"exdeorum:crook":159,"woodenshears:wooden_shears":72,"minecraft:torch":17,"minecraft:dirt":38,"minecraft:oak_fence_gate":2,"chancecubes:chance_cube":7,"supplementaries:candy":1,"minecraft:magenta_wool":1,"exdeorum:stone_hammer":1713,"minecraft:oak_sapling":23,"exdeorum:oak_sieve":9,"minecraft:lead":1,"minecraft:oak_planks":44,"minecraft:cobblestone_slab":718,"minecraft:sand":178,"minecraft:oak_slab":866,"minecraft:crafting_table":3,"constructionwand:stone_wand":203,"minecraft:white_bed":2,"exdeorum:dust":130,"exdeorum:oak_barrel":13,"minecraft:apple":2,"craftingstation:crafting_station":2,"minecraft:gravel":769,"minecraft:stone_axe":65,"exdeorum:oak_crucible":1,"minecraft:cobblestone":886,"storagedrawers:oak_full_drawers_4":3},"minecraft:dropped":{"minecraft:stone_hoe":2,"minecraft:oak_log":2,"exdeorum:oak_crucible":1,"storagedrawers:oak_half_drawers_2":2,"exdeorum:wooden_hammer":1,"minecraft:dead_bush":192,"minecraft:pumpkin_pie":1,"minecraft:sand":27,"minecraft:gravel":45,"minecraft:stone_axe":2,"exdeorum:string_mesh":1,"minecraft:stone_sword":2,"minecraft:cobblestone_slab":320,"woodenbucket:wooden_bucket":2,"mysticalagriculture:inferium_essence":1,"storagedrawers:oak_half_drawers_4":1,"minecraft:stone_pickaxe":2,"exdeorum:stone_hammer":2},"minecraft:custom":{"minecraft:mob_kills":16,"minecraft:interact_with_crafting_table":54,"minecraft:leave_game":4,"minecraft:time_since_death":9270,"minecraft:opened_chance_cube":7,"minecraft:sprint_one_cm":223114,"minecraft:walk_one_cm":739771,"minecraft:drop":38,"minecraft:talked_to_villager":10,"minecraft:play_time":379430,"minecraft:deaths":12,"minecraft:sneak_time":32550,"minecraft:walk_under_water_one_cm":6741,"minecraft:jump":1592,"minecraft:walk_on_water_one_cm":26776,"minecraft:total_world_time":379430,"minecraft:interact_with_furnace":8,"minecraft:sleep_in_bed":3,"minecraft:time_since_rest":9304,"minecraft:damage_taken":5400,"minecraft:use_wand":1357,"minecraft:damage_dealt":2450,"minecraft:fly_one_cm":342652,"minecraft:open_chest":223,"minecraft:crouch_one_cm":115220,"minecraft:fall_one_cm":38967},"minecraft:killed_by":{"minecraft:player":5,"minecraft:blaze":1,"minecraft:phantom":1}},"DataVersion":3465}