{"stats":{"minecraft:broken":{"exdeorum:compressed_stone_hammer":2,"woodenshears:wooden_shears":1,"minecraft:stone_axe":1,"minecraft:bow":1,"constructionwand:stone_wand":11,"exdeorum:stone_hammer":12,"exdeorum:crook":2},"minecraft:crafted":{"minecraft:oak_planks":656,"minecraft:cobblestone_slab":858,"exdeorum:unfired_porcelain_crucible":1,"minecraft:granite":197,"minecraft:chest":58,"minecraft:oak_button":2,"minecraft:stone_hoe":3,"minecraft:oak_fence":27,"exdeorum:stone_hammer":55,"exdeorum:porcelain_crucible":1,"cobblefordays:tier_2":1,"minecraft:oak_slab":558,"exdeorum:oak_barrel":9,"woodenshears:wooden_shears":4,"minecraft:crafting_table":3,"minecraft:moss_block":2,"craftingstation:crafting_station":3,"minecraft:diorite":213,"cobblefordays:tier_1":2,"exdeorum:oak_crucible":1,"minecraft:charcoal":1,"constructionwand:stone_wand":22,"minecraft:stick":288,"minecraft:iron_ingot":5,"minecraft:iron_pickaxe":1,"minecraft:stone_sword":3,"exdeorum:oak_sieve":9,"woodenbucket:wooden_bucket":3,"minecraft:cobbled_deepslate":1408,"minecraft:oak_trapdoor":4,"exdeorum:string_mesh":8,"minecraft:ladder":54,"minecraft:stone_pickaxe":8,"minecraft:clay_ball":16,"cyclic:compressed_cobblestone":581,"exdeorum:compressed_stone_hammer":4,"minecraft:stone_axe":6,"minecraft:air":0,"exdeorum:crook":3,"exdeorum:porcelain_clay_ball":10,"minecraft:oak_fence_gate":2,"minecraft:cobblestone":4310,"minecraft:white_bed":2,"minecraft:andesite":194,"minecraft:torch":4},"minecraft:mined":{"minecraft:oak_sapling":2,"minecraft:jungle_leaves":173,"minecraft:orange_wool":8,"thermal:tin_ore":1,"minecraft:grass_block":29,"minecraft:brown_wool":7,"minecraft:jungle_log":132,"minecraft:blue_wool":5,"cobblefordays:tier_1":3,"minecraft:moss_carpet":1,"minecraft:green_carpet":219,"exdeorum:oak_sieve":1,"ironchests:copper_chest":1,"minecraft:torch":8,"minecraft:chest":9,"minecraft:cobblestone":809,"minecraft:oak_planks":169,"minecraft:wall_torch":3,"minecraft:cyan_wool":3,"exdeorum:dust":2,"minecraft:light_gray_wool":14,"minecraft:grass":2,"minecraft:oak_log":273,"exdeorum:oak_barrel":4,"minecraft:sand":194,"minecraft:dirt":93,"minecraft:magenta_wool":7,"minecraft:oak_leaves":538,"minecraft:light_blue_wool":8,"cyclic:compressed_cobblestone":343,"gravestone:gravestone":14,"minecraft:lime_wool":9,"minecraft:moss_block":6,"minecraft:pink_wool":11,"minecraft:rooted_dirt":1,"minecraft:oak_trapdoor":2,"botania:mana_flame":1,"minecraft:diamond_block":2,"minecraft:cobblestone_slab":2,"minecraft:vine":1,"minecraft:white_wool":1,"minecraft:green_wool":19,"minecraft:oak_slab":15,"minecraft:red_wool":15,"exdeorum:infested_leaves":64,"storagedrawers:oak_full_drawers_4":4,"minecraft:oak_fence":1,"minecraft:crafting_table":3,"minecraft:purple_wool":14,"minecraft:gray_wool":7,"minecraft:black_wool":9,"minecraft:gravel":742},"minecraft:picked_up":{"exdeorum:porcelain_bucket":1,"exdeorum:mycelium_spores":2,"exdeorum:dust":194,"minecraft:prismarine_shard":2,"minecraft:lead":4,"exdeorum:iron_ore_chunk":346,"mob_grinding_utils:mob_swab":1,"exdeorum:stone_hammer":2,"exdeorum:grass_seeds":9,"minecraft:string":1,"thermal:sulfur":7,"minecraft:sea_pickle":8,"mysticalagriculture:inferium_essence":6,"cobblefordays:tier_1":3,"minecraft:gold_nugget":66,"minecraft:bucket":1,"minecraft:comparator":3,"minecraft:redstone_torch":3,"minecraft:cobblestone_slab":203,"minecraft:azalea":1,"minecraft:iron_pickaxe":2,"minecraft:blue_wool":2,"minecraft:golden_helmet":1,"minecraft:stick":74,"minecraft:oak_fence":1,"minecraft:torch":92,"mysticalagriculture:prosperity_shard":2,"minecraft:pointed_dripstone":7,"thermal:apatite":9,"woodenbucket:wooden_bucket":3,"minecraft:cactus":44,"minecraft:rotten_flesh":4,"minecraft:light_blue_wool":5,"exdeorum:tin_ore_chunk":189,"minecraft:green_wool":14,"minecraft:blaze_powder":2,"minecraft:cobblestone":131,"minecraft:enchanting_table":1,"exdeorum:osmium_ore_chunk":123,"storagedrawers:oak_full_drawers_4":4,"minecraft:pink_petals":1,"minecraft:magma_cream":1,"minecraft:repeater":3,"minecraft:jungle_log":132,"minecraft:brown_wool":3,"enderio:grains_of_infinity":8,"minecraft:potato":7,"minecraft:flint":495,"cookingforblockheads:recipe_book":1,"ae2:charged_certus_quartz_crystal":1,"botania:pebble":8879,"minecraft:lapis_lazuli":166,"minecraft:dirt":122,"exdeorum:nickel_ore_chunk":175,"thermal:sapphire":12,"minecraft:bow":1,"minecraft:wheat_seeds":10,"minecraft:bamboo":2,"minecraft:moss_block":6,"minecraft:oak_planks":129,"thermal:raw_tin":1,"ae2:certus_quartz_crystal":9,"minecraft:poisonous_potato":3,"minecraft:sand":731,"minecraft:dead_bush":1223,"minecraft:diamond_block":2,"minecraft:orange_wool":4,"sc:copper_coin":7,"minecraft:clay":48,"minecraft:diamond":141,"constructionwand:stone_wand":1,"cobblefordays:tier_2":1,"storagedrawers:oak_half_drawers_2":2,"minecraft:bone_meal":8,"exdeorum:copper_ore_chunk":311,"minecraft:emerald":110,"minecraft:rooted_dirt":1,"minecraft:oak_sapling":84,"minecraft:oak_leaves":50,"exdeorum:gold_ore_chunk":146,"minecraft:crafting_table":3,"botania:cosmetic_thick_eyebrows":1,"minecraft:purple_wool":9,"minecraft:ladder":22,"minecraft:redstone_lamp":3,"thermal:cinnabar":8,"minecraft:wooden_pickaxe":2,"minecraft:pink_wool":11,"storagedrawers:oak_half_drawers_4":1,"exdeorum:oak_barrel":4,"minecraft:oak_trapdoor":3,"minecraft:moss_carpet":1,"exdeorum:string_mesh":6,"exdeorum:granite_pebble":301,"minecraft:compass":1,"minecraft:magenta_wool":6,"reliquary:chelicerae":1,"minecraft:oak_boat":1,"ironchests:dirt_chest":1,"thermal:niter":9,"minecraft:cyan_wool":1,"minecraft:birch_sapling":4,"minecraft:jungle_sapling":24,"minecraft:iron_nugget":2053,"minecraft:light_gray_wool":10,"lootboxesplus:uncommon_loot_bag":1,"exdeorum:wooden_hammer":1,"minecraft:sugar_cane":10,"minecraft:chest":9,"minecraft:phantom_membrane":1,"minecraft:egg":1,"minecraft:dark_oak_sapling":4,"minecraft:lime_wool":6,"minecraft:cookie":20,"minecraft:carrot":14,"minecraft:redstone":39,"minecraft:prismarine_crystals":1,"cookingforblockheads:crafting_book":1,"minecraft:arrow":1,"exdeorum:diorite_pebble":359,"minecraft:pumpkin_pie":1,"ae2:certus_quartz_dust":5,"exdeorum:unfired_porcelain_crucible":2,"exdeorum:andesite_pebble":272,"minecraft:gold_ingot":9,"minecraft:mutton":14,"minecraft:white_wool":11,"minecraft:clock":1,"minecraft:golden_carrot":16,"ironchests:copper_chest":2,"minecraft:oak_log":310,"minecraft:gunpowder":12,"ae2:sky_dust":4,"minecraft:apple":8,"minecraft:kelp":41,"exdeorum:oak_sieve":1,"exdeorum:stone_pebble":6076,"minecraft:iron_ingot":8,"minecraft:acacia_sapling":4,"minecraft:flowering_azalea":2,"minecraft:oak_slab":67,"exdeorum:deepslate_pebble":4743,"exdeorum:lead_ore_chunk":153,"minecraft:sweet_berries":2,"minecraft:red_wool":12,"minecraft:gravel":4164,"minecraft:amethyst_shard":61,"minecraft:spruce_sapling":4,"exdeorum:silver_ore_chunk":129,"minecraft:green_carpet":605,"minecraft:spider_eye":1,"minecraft:pumpkin_seeds":9,"exdeorum:aluminum_ore_chunk":124,"minecraft:slime_ball":14,"lootboxesplus:common_loot_bag":1,"minecraft:gray_wool":3,"thermal:ruby":12,"minecraft:black_wool":7,"minecraft:melon_seeds":7,"minecraft:coal":410},"minecraft:killed":{"minecraft:witch":1,"minecraft:spider":1,"minecraft:guardian":1,"minecraft:silverfish":1,"minecraft:magma_cube":27,"minecraft:creeper":2,"minecraft:sheep":6,"minecraft:trader_llama":1,"minecraft:zombie":2,"minecraft:phantom":1},"minecraft:used":{"minecraft:moss_block":1,"minecraft:ladder":22,"minecraft:chest":65,"woodenshears:wooden_shears":72,"minecraft:jungle_sapling":4,"minecraft:lava_bucket":1,"chancecubes:chance_cube":17,"supplementaries:candy":1,"minecraft:oak_sapling":23,"ironchests:copper_chest":1,"minecraft:stone_pickaxe":21,"minecraft:oak_planks":79,"minecraft:cookie":2,"minecraft:sand":514,"exdeorum:oak_barrel":13,"minecraft:gravel":3856,"exdeorum:oak_crucible":1,"exdeorum:compressed_stone_hammer":343,"minecraft:air":1,"minecraft:oak_trapdoor":6,"minecraft:oak_fence":11,"exdeorum:crook":332,"minecraft:torch":20,"minecraft:dirt":102,"cobblefordays:tier_2":1,"minecraft:oak_fence_gate":2,"cobblefordays:tier_1":2,"minecraft:magenta_wool":1,"exdeorum:stone_hammer":1738,"exdeorum:oak_sieve":9,"minecraft:water_bucket":1,"minecraft:lead":1,"minecraft:cobblestone_slab":719,"minecraft:oak_slab":868,"minecraft:crafting_table":3,"constructionwand:stone_wand":252,"minecraft:white_bed":2,"cyclic:compressed_cobblestone":343,"exdeorum:dust":130,"minecraft:oak_log":4,"minecraft:apple":2,"craftingstation:crafting_station":3,"minecraft:iron_pickaxe":4,"minecraft:stone_axe":145,"minecraft:cobblestone":907,"storagedrawers:oak_full_drawers_4":4,"minecraft:bucket":4},"minecraft:dropped":{"minecraft:lapis_lazuli":2,"minecraft:oak_log":2,"minecraft:diamond":2,"exdeorum:copper_ore_chunk":7,"constructionwand:stone_wand":1,"minecraft:flint":24,"exdeorum:gold_ore_chunk":4,"exdeorum:unfired_porcelain_crucible":2,"exdeorum:oak_crucible":1,"exdeorum:compressed_stone_hammer":1,"mob_grinding_utils:mob_swab":1,"storagedrawers:oak_half_drawers_2":2,"minecraft:pumpkin_pie":1,"exdeorum:granite_pebble":75,"minecraft:sand":27,"minecraft:iron_pickaxe":1,"ironchests:copper_chest":1,"exdeorum:lead_ore_chunk":5,"thermal:raw_tin":1,"minecraft:gravel":422,"minecraft:stone_axe":2,"minecraft:diamond_block":2,"minecraft:iron_nugget":45,"exdeorum:string_mesh":4,"minecraft:pointed_dripstone":4,"exdeorum:silver_ore_chunk":4,"cobblefordays:tier_2":1,"mysticalagriculture:inferium_essence":1,"storagedrawers:oak_half_drawers_4":1,"minecraft:enchanting_table":1,"cookingforblockheads:crafting_book":1,"minecraft:stone_hoe":2,"minecraft:iron_ingot":5,"exdeorum:deepslate_pebble":26,"minecraft:cobblestone":71,"botania:cosmetic_thick_eyebrows":2,"exdeorum:iron_ore_chunk":4,"cobblefordays:tier_1":2,"minecraft:coal":10,"cookingforblockheads:recipe_book":1,"exdeorum:wooden_hammer":1,"minecraft:dead_bush":192,"minecraft:flowering_azalea":1,"ironchests:dirt_chest":1,"exdeorum:stone_pebble":894,"minecraft:bucket":1,"minecraft:moss_carpet":1,"minecraft:stone_sword":2,"botania:pebble":15,"woodenbucket:wooden_bucket":2,"minecraft:cobblestone_slab":320,"exdeorum:nickel_ore_chunk":1,"exdeorum:tin_ore_chunk":5,"exdeorum:aluminum_ore_chunk":3,"exdeorum:porcelain_bucket":1,"exdeorum:diorite_pebble":149,"minecraft:wooden_pickaxe":1,"minecraft:stone_pickaxe":3,"exdeorum:andesite_pebble":76,"exdeorum:stone_hammer":6},"minecraft:custom":{"minecraft:interact_with_crafting_table":54,"minecraft:leave_game":6,"minecraft:time_since_death":26050,"minecraft:sprint_one_cm":391300,"minecraft:drop":136,"minecraft:talked_to_villager":10,"minecraft:play_time":506486,"minecraft:deaths":22,"minecraft:jump":2670,"minecraft:walk_on_water_one_cm":29461,"minecraft:interact_with_furnace":19,"minecraft:sleep_in_bed":3,"minecraft:damage_dealt":3877,"minecraft:player_kills":1,"minecraft:crouch_one_cm":122336,"minecraft:mob_kills":44,"minecraft:climb_one_cm":3004,"minecraft:opened_chance_cube":17,"minecraft:walk_one_cm":1052839,"minecraft:sneak_time":36191,"minecraft:walk_under_water_one_cm":7540,"minecraft:boat_one_cm":5893,"minecraft:total_world_time":506486,"minecraft:time_since_rest":26080,"minecraft:damage_taken":9977,"minecraft:use_wand":1678,"minecraft:fly_one_cm":587639,"minecraft:open_chest":514,"minecraft:fall_one_cm":77777},"minecraft:killed_by":{"minecraft:magma_cube":1,"minecraft:blaze":1,"minecraft:vex":1,"minecraft:player":8,"minecraft:phantom":1}},"DataVersion":3465}