{"stats":{"minecraft:crafted":{"exdeorum:oak_crucible":1,"minecraft:oak_fence_gate":2,"minecraft:oak_slab":546,"minecraft:oak_planks":476,"woodenshears:wooden_shears":1,"exdeorum:oak_barrel":3,"minecraft:crafting_table":2,"minecraft:stick":16,"minecraft:chest":10,"exdeorum:oak_sieve":1,"minecraft:oak_button":2,"minecraft:oak_fence":27,"minecraft:oak_trapdoor":4,"exdeorum:crook":3},"minecraft:custom":{"minecraft:time_since_rest":8787,"minecraft:sprint_one_cm":57999,"minecraft:damage_taken":3220,"minecraft:walk_one_cm":266231,"minecraft:drop":8,"minecraft:damage_dealt":96,"minecraft:interact_with_crafting_table":23,"minecraft:fly_one_cm":72725,"minecraft:open_chest":36,"minecraft:crouch_one_cm":58802,"minecraft:play_time":74898,"minecraft:deaths":3,"minecraft:walk_under_water_one_cm":2855,"minecraft:sneak_time":13003,"minecraft:jump":358,"minecraft:time_since_death":8740,"minecraft:walk_on_water_one_cm":2313,"minecraft:total_world_time":74898,"minecraft:fall_one_cm":30910,"minecraft:opened_chance_cube":4},"minecraft:dropped":{"woodenbucket:wooden_bucket":2,"exdeorum:string_mesh":1,"minecraft:oak_log":2,"exdeorum:oak_crucible":1,"exdeorum:wooden_hammer":1,"minecraft:pumpkin_pie":1},"minecraft:picked_up":{"minecraft:oak_slab":58,"minecraft:stick":38,"minecraft:crafting_table":1,"minecraft:oak_fence":1,"minecraft:torch":12,"minecraft:oak_log":143,"minecraft:dirt":35,"minecraft:oak_trapdoor":3,"woodenbucket:wooden_bucket":3,"exdeorum:string_mesh":1,"minecraft:apple":6,"minecraft:pumpkin_pie":1,"minecraft:oak_leaves":50,"minecraft:oak_sapling":55,"exdeorum:wooden_hammer":1,"minecraft:chest":3,"minecraft:oak_planks":21,"minecraft:egg":1},"minecraft:killed_by":{"minecraft:blaze":1},"minecraft:mined":{"minecraft:oak_slab":1,"minecraft:oak_trapdoor":2,"minecraft:oak_sapling":2,"botania:mana_flame":1,"exdeorum:infested_leaves":64,"minecraft:torch":7,"gravestone:gravestone":1,"minecraft:oak_fence":1,"minecraft:crafting_table":1,"minecraft:oak_log":106,"minecraft:grass_block":2,"minecraft:chest":3,"minecraft:dirt":33,"minecraft:oak_planks":6,"minecraft:oak_leaves":537,"minecraft:wall_torch":3},"minecraft:broken":{"exdeorum:crook":1,"woodenshears:wooden_shears":1},"minecraft:used":{"minecraft:oak_fence":11,"minecraft:oak_trapdoor":5,"exdeorum:oak_barrel":3,"minecraft:apple":2,"chancecubes:chance_cube":5,"minecraft:oak_planks":40,"minecraft:chest":13,"exdeorum:crook":159,"supplementaries:candy":1,"woodenshears:wooden_shears":50,"exdeorum:oak_crucible":1,"minecraft:torch":13,"minecraft:dirt":34,"minecraft:oak_slab":756,"minecraft:crafting_table":3,"minecraft:oak_sapling":23,"minecraft:oak_fence_gate":2}},"DataVersion":3465}