{"stats":{"minecraft:killed":{"minecraft:sheep":6},"minecraft:crafted":{"minecraft:oak_slab":546,"minecraft:oak_planks":476,"minecraft:cobblestone_slab":858,"exdeorum:oak_barrel":3,"woodenshears:wooden_shears":4,"minecraft:crafting_table":2,"minecraft:stone_axe":6,"minecraft:air":0,"minecraft:oak_trapdoor":4,"exdeorum:crook":3,"exdeorum:oak_crucible":1,"minecraft:oak_fence_gate":2,"minecraft:charcoal":1,"minecraft:cobblestone":1227,"minecraft:stick":16,"minecraft:stone_pickaxe":5,"minecraft:stone_sword":3,"minecraft:chest":10,"exdeorum:oak_sieve":1,"minecraft:oak_button":2,"minecraft:torch":4,"minecraft:stone_hoe":3,"exdeorum:stone_hammer":12,"minecraft:oak_fence":27},"minecraft:custom":{"minecraft:interact_with_furnace":2,"minecraft:mob_kills":7,"minecraft:interact_with_crafting_table":42,"minecraft:leave_game":1,"minecraft:time_since_death":11385,"minecraft:opened_chance_cube":6,"minecraft:time_since_rest":11594,"minecraft:sprint_one_cm":126559,"minecraft:damage_taken":4009,"minecraft:walk_one_cm":412404,"minecraft:drop":36,"minecraft:use_wand":6,"minecraft:damage_dealt":782,"minecraft:fly_one_cm":208645,"minecraft:open_chest":128,"minecraft:crouch_one_cm":113316,"minecraft:play_time":134744,"minecraft:deaths":6,"minecraft:sneak_time":27642,"minecraft:walk_under_water_one_cm":2855,"minecraft:jump":867,"minecraft:walk_on_water_one_cm":14872,"minecraft:total_world_time":134744,"minecraft:fall_one_cm":32721},"minecraft:dropped":{"minecraft:stone_hoe":2,"minecraft:stone_axe":2,"exdeorum:string_mesh":1,"minecraft:oak_log":2,"minecraft:stone_sword":2,"minecraft:cobblestone_slab":320,"woodenbucket:wooden_bucket":2,"exdeorum:oak_crucible":1,"mysticalagriculture:inferium_essence":1,"minecraft:dead_bush":192,"storagedrawers:oak_half_drawers_4":1,"storagedrawers:oak_half_drawers_2":2,"exdeorum:wooden_hammer":1,"minecraft:pumpkin_pie":1,"minecraft:stone_pickaxe":2,"exdeorum:stone_hammer":2},"minecraft:picked_up":{"minecraft:crafting_table":1,"minecraft:purple_wool":9,"minecraft:brown_wool":3,"minecraft:pink_wool":11,"storagedrawers:oak_half_drawers_4":1,"minecraft:oak_log":143,"botania:pebble":4336,"minecraft:dirt":39,"minecraft:oak_trapdoor":3,"exdeorum:string_mesh":1,"minecraft:magenta_wool":6,"minecraft:apple":6,"mysticalagriculture:inferium_essence":4,"minecraft:cyan_wool":1,"minecraft:cobblestone_slab":202,"minecraft:light_gray_wool":10,"exdeorum:wooden_hammer":1,"minecraft:chest":3,"minecraft:oak_planks":21,"minecraft:egg":1,"minecraft:blue_wool":2,"minecraft:lime_wool":6,"minecraft:oak_slab":61,"minecraft:stick":39,"minecraft:oak_fence":1,"minecraft:red_wool":12,"minecraft:torch":13,"minecraft:gravel":13,"minecraft:orange_wool":4,"woodenbucket:wooden_bucket":3,"sc:copper_coin":5,"minecraft:rotten_flesh":2,"minecraft:light_blue_wool":5,"constructionwand:stone_wand":1,"minecraft:pumpkin_pie":1,"storagedrawers:oak_half_drawers_2":2,"minecraft:gray_wool":3,"minecraft:green_wool":14,"minecraft:black_wool":7,"minecraft:oak_sapling":55,"minecraft:mutton":14,"minecraft:oak_leaves":50,"minecraft:white_wool":11},"minecraft:killed_by":{"minecraft:player":1,"minecraft:blaze":1},"minecraft:mined":{"minecraft:oak_slab":11,"minecraft:oak_sapling":2,"minecraft:red_wool":15,"minecraft:light_blue_wool":8,"exdeorum:infested_leaves":64,"minecraft:orange_wool":8,"minecraft:oak_fence":1,"minecraft:crafting_table":1,"minecraft:torch":7,"gravestone:gravestone":2,"minecraft:grass_block":2,"minecraft:brown_wool":7,"minecraft:chest":3,"minecraft:cobblestone":10,"minecraft:lime_wool":9,"minecraft:blue_wool":5,"minecraft:oak_planks":6,"minecraft:cyan_wool":3,"minecraft:pink_wool":11,"minecraft:wall_torch":3,"minecraft:purple_wool":14,"minecraft:gray_wool":7,"minecraft:oak_trapdoor":2,"botania:mana_flame":1,"minecraft:light_gray_wool":14,"minecraft:black_wool":9,"minecraft:oak_log":106,"minecraft:gravel":3,"minecraft:dirt":36,"minecraft:oak_leaves":537,"minecraft:white_wool":1,"minecraft:green_wool":19,"minecraft:magenta_wool":7},"minecraft:broken":{"woodenshears:wooden_shears":1,"exdeorum:crook":1},"minecraft:used":{"minecraft:oak_fence":11,"minecraft:oak_trapdoor":6,"minecraft:oak_planks":41,"minecraft:chest":13,"exdeorum:crook":159,"minecraft:cobblestone_slab":718,"woodenshears:wooden_shears":72,"minecraft:torch":16,"minecraft:dirt":37,"minecraft:oak_slab":786,"minecraft:crafting_table":3,"constructionwand:stone_wand":1,"minecraft:oak_fence_gate":2,"exdeorum:oak_barrel":3,"minecraft:apple":2,"chancecubes:chance_cube":6,"minecraft:gravel":3,"supplementaries:candy":1,"minecraft:stone_axe":11,"exdeorum:oak_crucible":1,"minecraft:cobblestone":103,"minecraft:magenta_wool":1,"exdeorum:stone_hammer":13,"minecraft:oak_sapling":23}},"DataVersion":3465}