{"stats":{"minecraft:crafted":{"exdeorum:oak_crucible":1,"minecraft:oak_slab":60,"minecraft:oak_planks":92,"exdeorum:oak_barrel":1,"minecraft:crafting_table":2,"minecraft:stick":16,"minecraft:chest":10,"exdeorum:oak_sieve":1,"minecraft:oak_button":2,"minecraft:oak_trapdoor":4,"exdeorum:crook":3},"minecraft:custom":{"minecraft:time_since_rest":26898,"minecraft:sprint_one_cm":1165,"minecraft:damage_taken":190,"minecraft:walk_one_cm":65363,"minecraft:drop":3,"minecraft:damage_dealt":34,"minecraft:interact_with_crafting_table":15,"minecraft:fly_one_cm":1944,"minecraft:open_chest":4,"minecraft:crouch_one_cm":17624,"minecraft:play_time":26898,"minecraft:sneak_time":4779,"minecraft:jump":50,"minecraft:time_since_death":26898,"minecraft:walk_on_water_one_cm":1382,"minecraft:total_world_time":26898,"minecraft:fall_one_cm":311},"minecraft:dropped":{"minecraft:oak_log":2,"exdeorum:oak_crucible":1},"minecraft:picked_up":{"minecraft:oak_slab":50,"minecraft:stick":18,"minecraft:crafting_table":1,"minecraft:torch":1,"minecraft:oak_log":69,"minecraft:dirt":2,"minecraft:oak_trapdoor":3,"minecraft:apple":5,"minecraft:oak_sapling":33,"minecraft:chest":3,"minecraft:oak_planks":16},"minecraft:mined":{"minecraft:oak_slab":1,"minecraft:oak_trapdoor":2,"botania:mana_flame":1,"minecraft:crafting_table":1,"minecraft:oak_log":32,"minecraft:grass_block":2,"minecraft:chest":3,"minecraft:oak_leaves":316},"minecraft:used":{"minecraft:oak_trapdoor":5,"minecraft:apple":2,"chancecubes:chance_cube":1,"minecraft:chest":13,"exdeorum:crook":52,"minecraft:torch":1,"minecraft:dirt":2,"minecraft:oak_slab":107,"minecraft:crafting_table":3,"minecraft:oak_sapling":8}},"DataVersion":3465}