{"stats":{"minecraft:custom":{"minecraft:mob_kills":1,"minecraft:interact_with_crafting_table":31,"minecraft:time_since_death":20740,"minecraft:opened_chance_cube":4,"minecraft:time_since_rest":20787,"minecraft:walk_one_cm":285626,"minecraft:sprint_one_cm":66990,"minecraft:damage_taken":3229,"minecraft:drop":19,"minecraft:damage_dealt":246,"minecraft:fly_one_cm":90355,"minecraft:open_chest":52,"minecraft:crouch_one_cm":59562,"minecraft:play_time":86898,"minecraft:deaths":3,"minecraft:sneak_time":14023,"minecraft:walk_under_water_one_cm":2855,"minecraft:jump":440,"minecraft:walk_on_water_one_cm":13838,"minecraft:total_world_time":86898,"minecraft:fall_one_cm":31711},"minecraft:crafted":{"minecraft:oak_slab":546,"minecraft:oak_planks":476,"exdeorum:oak_barrel":3,"woodenshears:wooden_shears":1,"minecraft:crafting_table":2,"minecraft:stone_axe":3,"exdeorum:crook":3,"minecraft:oak_trapdoor":4,"exdeorum:oak_crucible":1,"minecraft:oak_fence_gate":2,"minecraft:cobblestone":231,"minecraft:stick":16,"minecraft:stone_sword":3,"minecraft:stone_pickaxe":3,"minecraft:chest":10,"exdeorum:oak_sieve":1,"minecraft:oak_button":2,"minecraft:stone_hoe":3,"exdeorum:stone_hammer":12,"minecraft:oak_fence":27},"minecraft:dropped":{"minecraft:stone_hoe":2,"minecraft:stone_axe":2,"minecraft:oak_log":2,"exdeorum:string_mesh":1,"minecraft:stone_sword":2,"woodenbucket:wooden_bucket":2,"exdeorum:oak_crucible":1,"mysticalagriculture:inferium_essence":1,"exdeorum:wooden_hammer":1,"minecraft:pumpkin_pie":1,"minecraft:stone_pickaxe":2,"exdeorum:stone_hammer":2},"minecraft:picked_up":{"minecraft:crafting_table":1,"minecraft:oak_log":143,"botania:pebble":924,"minecraft:oak_trapdoor":3,"minecraft:dirt":36,"exdeorum:string_mesh":1,"minecraft:apple":6,"mysticalagriculture:inferium_essence":2,"exdeorum:wooden_hammer":1,"minecraft:chest":3,"minecraft:oak_planks":21,"minecraft:egg":1,"minecraft:oak_slab":59,"minecraft:stick":38,"minecraft:oak_fence":1,"minecraft:torch":13,"minecraft:gravel":13,"woodenbucket:wooden_bucket":3,"sc:copper_coin":5,"minecraft:pumpkin_pie":1,"minecraft:oak_sapling":55,"minecraft:oak_leaves":50},"minecraft:killed_by":{"minecraft:blaze":1},"minecraft:mined":{"minecraft:oak_slab":5,"minecraft:oak_sapling":2,"exdeorum:infested_leaves":64,"minecraft:oak_fence":1,"minecraft:crafting_table":1,"minecraft:torch":7,"gravestone:gravestone":1,"minecraft:grass_block":2,"minecraft:chest":3,"minecraft:cobblestone":10,"minecraft:oak_planks":6,"minecraft:wall_torch":3,"minecraft:oak_trapdoor":2,"botania:mana_flame":1,"minecraft:oak_log":106,"minecraft:gravel":3,"minecraft:dirt":35,"minecraft:oak_leaves":537},"minecraft:broken":{"woodenshears:wooden_shears":1,"exdeorum:crook":1},"minecraft:used":{"minecraft:oak_trapdoor":6,"minecraft:oak_fence":11,"minecraft:oak_planks":40,"minecraft:chest":13,"exdeorum:crook":159,"woodenshears:wooden_shears":50,"minecraft:torch":13,"minecraft:dirt":36,"minecraft:oak_slab":786,"minecraft:crafting_table":3,"minecraft:oak_fence_gate":2,"exdeorum:oak_barrel":3,"minecraft:apple":2,"chancecubes:chance_cube":5,"minecraft:gravel":3,"supplementaries:candy":1,"exdeorum:oak_crucible":1,"minecraft:cobblestone":10,"exdeorum:stone_hammer":13,"minecraft:oak_sapling":23}},"DataVersion":3465}