{"stats":{"minecraft:used":{"minecraft:oak_trapdoor":6,"minecraft:oak_fence":11,"minecraft:chest":13,"exdeorum:crook":159,"woodenshears:wooden_shears":72,"minecraft:torch":17,"minecraft:dirt":38,"minecraft:oak_fence_gate":2,"chancecubes:chance_cube":6,"supplementaries:candy":1,"minecraft:magenta_wool":1,"exdeorum:stone_hammer":763,"minecraft:oak_sapling":23,"minecraft:oak_planks":44,"minecraft:cobblestone_slab":718,"minecraft:sand":178,"minecraft:oak_slab":786,"minecraft:crafting_table":3,"constructionwand:stone_wand":69,"minecraft:white_bed":2,"exdeorum:dust":2,"exdeorum:oak_barrel":13,"minecraft:apple":2,"minecraft:gravel":294,"minecraft:stone_axe":49,"exdeorum:oak_crucible":1,"minecraft:cobblestone":411},"minecraft:picked_up":{"minecraft:crafting_table":1,"minecraft:purple_wool":9,"exdeorum:dust":178,"minecraft:prismarine_shard":2,"minecraft:pink_wool":11,"storagedrawers:oak_half_drawers_4":1,"exdeorum:oak_barrel":4,"minecraft:oak_trapdoor":3,"minecraft:string":1,"exdeorum:string_mesh":1,"minecraft:magenta_wool":6,"mysticalagriculture:inferium_essence":4,"minecraft:cobblestone_slab":202,"minecraft:cyan_wool":1,"minecraft:light_gray_wool":10,"exdeorum:wooden_hammer":1,"minecraft:chest":3,"minecraft:egg":1,"minecraft:blue_wool":2,"minecraft:lime_wool":6,"minecraft:stick":39,"minecraft:oak_fence":1,"minecraft:torch":27,"minecraft:redstone":1,"minecraft:prismarine_crystals":1,"woodenbucket:wooden_bucket":3,"minecraft:rotten_flesh":4,"minecraft:light_blue_wool":5,"minecraft:pumpkin_pie":1,"minecraft:green_wool":14,"minecraft:mutton":14,"minecraft:white_wool":11,"minecraft:brown_wool":3,"minecraft:oak_log":143,"minecraft:gunpowder":1,"botania:pebble":4336,"minecraft:dirt":40,"minecraft:apple":6,"minecraft:oak_planks":97,"minecraft:oak_slab":64,"minecraft:red_wool":12,"minecraft:gravel":349,"minecraft:sand":256,"minecraft:orange_wool":4,"sc:copper_coin":5,"minecraft:clay":48,"constructionwand:stone_wand":1,"storagedrawers:oak_half_drawers_2":2,"minecraft:gray_wool":3,"minecraft:oak_sapling":60,"minecraft:black_wool":7,"minecraft:oak_leaves":50},"minecraft:crafted":{"minecraft:oak_planks":520,"minecraft:cobblestone_slab":858,"minecraft:oak_trapdoor":4,"minecraft:stone_pickaxe":5,"minecraft:chest":10,"minecraft:oak_button":2,"minecraft:stone_hoe":3,"minecraft:oak_fence":27,"exdeorum:stone_hammer":12,"minecraft:oak_slab":546,"exdeorum:oak_barrel":9,"woodenshears:wooden_shears":4,"minecraft:crafting_table":2,"minecraft:stone_axe":6,"minecraft:air":0,"exdeorum:crook":3,"exdeorum:oak_crucible":1,"minecraft:oak_fence_gate":2,"minecraft:cobblestone":1227,"minecraft:charcoal":1,"constructionwand:stone_wand":4,"minecraft:stick":16,"minecraft:stone_sword":3,"exdeorum:oak_sieve":1,"woodenbucket:wooden_bucket":3,"minecraft:white_bed":2,"minecraft:torch":4},"minecraft:custom":{"minecraft:mob_kills":14,"minecraft:interact_with_crafting_table":46,"minecraft:leave_game":3,"minecraft:time_since_death":135447,"minecraft:opened_chance_cube":6,"minecraft:sprint_one_cm":175009,"minecraft:walk_one_cm":615989,"minecraft:drop":37,"minecraft:talked_to_villager":3,"minecraft:play_time":294777,"minecraft:deaths":8,"minecraft:sneak_time":27915,"minecraft:walk_under_water_one_cm":6741,"minecraft:jump":1272,"minecraft:walk_on_water_one_cm":25316,"minecraft:total_world_time":294777,"minecraft:interact_with_furnace":3,"minecraft:sleep_in_bed":1,"minecraft:time_since_rest":135470,"minecraft:damage_taken":4475,"minecraft:use_wand":436,"minecraft:damage_dealt":2040,"minecraft:fly_one_cm":274099,"minecraft:open_chest":158,"minecraft:crouch_one_cm":114374,"minecraft:fall_one_cm":35436},"minecraft:killed":{"minecraft:witch":1,"minecraft:spider":1,"minecraft:guardian":1,"minecraft:creeper":2,"minecraft:sheep":6,"minecraft:zombie":2},"minecraft:mined":{"minecraft:oak_sapling":2,"minecraft:light_blue_wool":8,"minecraft:orange_wool":8,"gravestone:gravestone":4,"minecraft:grass_block":2,"minecraft:brown_wool":7,"minecraft:lime_wool":9,"minecraft:blue_wool":5,"minecraft:pink_wool":11,"minecraft:oak_trapdoor":2,"botania:mana_flame":1,"minecraft:white_wool":1,"minecraft:green_wool":19,"minecraft:oak_slab":14,"minecraft:red_wool":15,"exdeorum:infested_leaves":64,"minecraft:oak_fence":1,"minecraft:crafting_table":1,"minecraft:torch":7,"minecraft:chest":3,"minecraft:cobblestone":330,"minecraft:oak_planks":137,"minecraft:wall_torch":3,"minecraft:purple_wool":14,"minecraft:cyan_wool":3,"minecraft:gray_wool":7,"exdeorum:dust":2,"minecraft:light_gray_wool":14,"minecraft:black_wool":9,"minecraft:oak_log":106,"exdeorum:oak_barrel":4,"minecraft:sand":178,"minecraft:gravel":267,"minecraft:dirt":37,"minecraft:magenta_wool":7,"minecraft:oak_leaves":537},"minecraft:broken":{"constructionwand:stone_wand":3,"exdeorum:stone_hammer":5,"woodenshears:wooden_shears":1,"exdeorum:crook":1},"minecraft:dropped":{"minecraft:stone_hoe":2,"minecraft:oak_log":2,"exdeorum:oak_crucible":1,"storagedrawers:oak_half_drawers_2":2,"exdeorum:wooden_hammer":1,"minecraft:dead_bush":192,"minecraft:pumpkin_pie":1,"minecraft:gravel":45,"minecraft:stone_axe":2,"exdeorum:string_mesh":1,"minecraft:stone_sword":2,"woodenbucket:wooden_bucket":2,"minecraft:cobblestone_slab":320,"mysticalagriculture:inferium_essence":1,"storagedrawers:oak_half_drawers_4":1,"minecraft:stone_pickaxe":2,"exdeorum:stone_hammer":2},"minecraft:killed_by":{"minecraft:player":3,"minecraft:blaze":1}},"DataVersion":3465}