{"stats":{"minecraft:crafted":{"minecraft:oak_slab":48,"minecraft:oak_planks":24},"minecraft:custom":{"minecraft:time_since_rest":14508,"minecraft:sprint_one_cm":13,"minecraft:crouch_one_cm":9239,"minecraft:play_time":14508,"minecraft:damage_taken":10,"minecraft:walk_one_cm":16362,"minecraft:sneak_time":4383,"minecraft:drop":2,"minecraft:jump":14,"minecraft:damage_dealt":20,"minecraft:time_since_death":14508,"minecraft:walk_on_water_one_cm":157,"minecraft:total_world_time":14508,"minecraft:interact_with_crafting_table":1,"minecraft:opened_chance_cube":1},"minecraft:dropped":{"minecraft:oak_slab":48,"minecraft:oak_log":1},"minecraft:picked_up":{"minecraft:stick":2,"minecraft:oak_slab":2,"minecraft:apple":1,"minecraft:torch":1,"minecraft:oak_log":13,"minecraft:dirt":7},"minecraft:mined":{"minecraft:oak_log":12,"minecraft:grass_block":5,"minecraft:oak_slab":2,"minecraft:oak_trapdoor":1,"minecraft:dirt":5,"minecraft:oak_leaves":1},"minecraft:used":{"minecraft:torch":1,"minecraft:dirt":7,"minecraft:oak_slab":2,"chancecubes:chance_cube":1,"minecraft:oak_sapling":1}},"DataVersion":3465}