{"stats":{"minecraft:killed":{"minecraft:spider":1,"minecraft:skeleton":1,"minecraft:zombie":2},"minecraft:crafted":{"minecraft:oak_slab":690,"minecraft:oak_planks":748,"minecraft:cobblestone_slab":414,"exdeorum:oak_barrel":2,"minecraft:air":0,"exdeorum:crook":4,"minecraft:charcoal":9,"exdeorum:string_mesh":1,"minecraft:stick":84,"exdeorum:oak_sieve":1,"minecraft:torch":36,"minecraft:oak_fence":42},"minecraft:custom":{"minecraft:interact_with_furnace":4,"minecraft:mob_kills":6,"minecraft:interact_with_crafting_table":36,"minecraft:leave_game":1,"minecraft:time_since_death":7449,"minecraft:opened_chance_cube":9,"minecraft:time_since_rest":7504,"minecraft:walk_one_cm":486342,"minecraft:sprint_one_cm":117259,"minecraft:damage_taken":3012,"minecraft:drop":24,"minecraft:damage_dealt":864,"minecraft:fly_one_cm":94070,"minecraft:open_chest":205,"minecraft:crouch_one_cm":72020,"minecraft:play_time":122170,"minecraft:deaths":8,"minecraft:sneak_time":18559,"minecraft:walk_under_water_one_cm":7675,"minecraft:jump":514,"minecraft:walk_on_water_one_cm":9455,"minecraft:total_world_time":122170,"minecraft:fall_one_cm":19668},"minecraft:dropped":{"minecraft:oak_slab":48,"minecraft:oak_log":69,"exdeorum:string_mesh":1,"botania:pebble":14,"minecraft:stick":8,"minecraft:cobblestone_slab":192,"woodenbucket:wooden_bucket":1,"sc:copper_coin":5,"mysticalagriculture:inferium_essence":2,"storagedrawers:oak_half_drawers_2":1,"minecraft:oak_sapling":11,"storagedrawers:oak_half_drawers_4":1,"exdeorum:wooden_hammer":1,"exdeorum:crook":2},"minecraft:picked_up":{"exdeorum:crook":1,"storagedrawers:oak_full_drawers_4":1,"minecraft:crafting_table":1,"minecraft:purple_wool":3,"minecraft:brown_wool":1,"minecraft:pink_wool":1,"storagedrawers:oak_half_drawers_4":1,"minecraft:torchflower":1,"minecraft:oak_log":160,"exdeorum:stone_hammer":2,"exdeorum:oak_barrel":1,"botania:pebble":20,"minecraft:dirt":14,"minecraft:string":185,"minecraft:magenta_wool":2,"storagedrawers:oak_half_drawers_1":1,"minecraft:apple":2,"mysticalagriculture:inferium_essence":2,"minecraft:stone_pickaxe":1,"minecraft:cobblestone_slab":329,"mekanismtools:wood_paxel":1,"minecraft:light_gray_wool":6,"storagedrawers:oak_full_drawers_1":1,"exdeorum:wooden_hammer":1,"minecraft:chest":2,"minecraft:stone_hoe":1,"minecraft:oak_planks":19,"minecraft:blue_wool":1,"minecraft:oak_slab":30,"minecraft:stick":13,"exdeorum:oak_crucible":1,"minecraft:red_wool":1,"minecraft:oak_fence":4,"minecraft:torch":8,"mekanismtools:stone_paxel":1,"minecraft:ink_sac":18,"minecraft:orange_wool":3,"woodenbucket:wooden_bucket":1,"exdeorum:silk_worm":11,"minecraft:stone_sword":1,"minecraft:light_blue_wool":6,"minecraft:stone_axe":1,"minecraft:pumpkin_pie":1,"storagedrawers:oak_half_drawers_2":1,"chancecubes:chance_cube":1,"storagedrawers:oak_full_drawers_2":1,"minecraft:oak_sapling":15,"minecraft:black_wool":4,"minecraft:white_wool":1},"minecraft:killed_by":{"minecraft:sheep":1,"minecraft:skeleton":1},"minecraft:mined":{"minecraft:oak_slab":24,"minecraft:light_blue_wool":6,"minecraft:red_wool":2,"exdeorum:infested_leaves":368,"minecraft:orange_wool":3,"minecraft:oak_fence":4,"minecraft:crafting_table":1,"minecraft:torch":4,"gravestone:gravestone":2,"minecraft:grass_block":5,"minecraft:chest":2,"minecraft:glass":4,"minecraft:blue_wool":1,"minecraft:oak_planks":23,"minecraft:pink_wool":1,"minecraft:wall_torch":2,"minecraft:purple_wool":3,"minecraft:oak_trapdoor":1,"minecraft:fire":1,"minecraft:light_gray_wool":5,"minecraft:black_wool":4,"minecraft:oak_log":91,"exdeorum:oak_barrel":1,"minecraft:cobblestone_slab":1,"minecraft:dirt":5,"minecraft:magenta_wool":1,"minecraft:white_wool":1,"minecraft:oak_leaves":18},"minecraft:broken":{"exdeorum:crook":3},"minecraft:used":{"exdeorum:oak_sieve":1,"minecraft:oak_fence":28,"minecraft:stone_sword":15,"minecraft:stone_pickaxe":1,"minecraft:oak_planks":178,"minecraft:chest":2,"exdeorum:crook":384,"minecraft:cobblestone_slab":551,"minecraft:torch":22,"minecraft:dirt":7,"minecraft:oak_slab":645,"minecraft:crafting_table":1,"exdeorum:silk_worm":2,"minecraft:oak_log":2,"exdeorum:oak_barrel":3,"minecraft:apple":2,"chancecubes:chance_cube":9,"minecraft:light_gray_wool":1,"minecraft:stone_axe":23,"exdeorum:stone_hammer":7,"minecraft:oak_sapling":15}},"DataVersion":3465}