{"stats":{"minecraft:crafted":{"minecraft:oak_slab":618,"minecraft:oak_planks":748,"exdeorum:oak_barrel":2,"exdeorum:string_mesh":1,"minecraft:stick":76,"exdeorum:oak_sieve":1,"minecraft:oak_fence":42,"exdeorum:crook":4},"minecraft:custom":{"minecraft:time_since_rest":16844,"minecraft:sprint_one_cm":46987,"minecraft:damage_taken":782,"minecraft:walk_one_cm":288957,"minecraft:mob_kills":1,"minecraft:drop":14,"minecraft:damage_dealt":30,"minecraft:interact_with_crafting_table":28,"minecraft:fly_one_cm":27368,"minecraft:open_chest":95,"minecraft:crouch_one_cm":45699,"minecraft:play_time":74170,"minecraft:deaths":3,"minecraft:walk_under_water_one_cm":7468,"minecraft:sneak_time":11943,"minecraft:jump":170,"minecraft:leave_game":1,"minecraft:time_since_death":16818,"minecraft:walk_on_water_one_cm":1930,"minecraft:total_world_time":74170,"minecraft:fall_one_cm":3349,"minecraft:opened_chance_cube":5},"minecraft:dropped":{"woodenbucket:wooden_bucket":1,"minecraft:oak_slab":48,"exdeorum:string_mesh":1,"minecraft:oak_log":69,"minecraft:oak_sapling":11,"exdeorum:wooden_hammer":1,"exdeorum:crook":2,"minecraft:stick":8},"minecraft:picked_up":{"exdeorum:crook":1,"minecraft:crafting_table":1,"minecraft:oak_slab":20,"minecraft:stick":13,"exdeorum:oak_crucible":1,"minecraft:oak_fence":4,"minecraft:torch":1,"minecraft:oak_log":160,"exdeorum:oak_barrel":1,"botania:pebble":5,"minecraft:string":185,"minecraft:dirt":7,"woodenbucket:wooden_bucket":1,"exdeorum:silk_worm":11,"minecraft:apple":2,"minecraft:pumpkin_pie":1,"chancecubes:chance_cube":1,"minecraft:oak_sapling":15,"exdeorum:wooden_hammer":1,"minecraft:chest":2,"minecraft:oak_planks":5},"minecraft:mined":{"minecraft:oak_slab":13,"minecraft:oak_trapdoor":1,"minecraft:fire":1,"exdeorum:infested_leaves":368,"minecraft:oak_fence":4,"minecraft:crafting_table":1,"minecraft:grass_block":5,"minecraft:oak_log":91,"exdeorum:oak_barrel":1,"minecraft:chest":2,"minecraft:dirt":5,"minecraft:glass":4,"minecraft:oak_planks":6,"minecraft:oak_leaves":18},"minecraft:broken":{"exdeorum:crook":3},"minecraft:used":{"exdeorum:oak_sieve":1,"minecraft:oak_fence":28,"exdeorum:oak_barrel":3,"minecraft:apple":1,"chancecubes:chance_cube":5,"minecraft:oak_planks":136,"minecraft:chest":2,"exdeorum:crook":384,"minecraft:torch":2,"minecraft:dirt":7,"minecraft:crafting_table":1,"minecraft:oak_slab":584,"minecraft:oak_sapling":15,"exdeorum:silk_worm":2,"minecraft:oak_log":2}},"DataVersion":3465}