{"stats":{"minecraft:crafted":{"minecraft:oak_slab":102,"minecraft:oak_planks":148,"exdeorum:oak_barrel":2,"exdeorum:oak_sieve":1,"exdeorum:crook":3},"minecraft:custom":{"minecraft:time_since_rest":26170,"minecraft:sprint_one_cm":13,"minecraft:damage_taken":10,"minecraft:walk_one_cm":43254,"minecraft:mob_kills":1,"minecraft:drop":6,"minecraft:damage_dealt":30,"minecraft:interact_with_crafting_table":13,"minecraft:open_chest":22,"minecraft:crouch_one_cm":14693,"minecraft:play_time":26170,"minecraft:sneak_time":5419,"minecraft:jump":14,"minecraft:leave_game":1,"minecraft:time_since_death":26170,"minecraft:walk_on_water_one_cm":291,"minecraft:total_world_time":26170,"minecraft:opened_chance_cube":1},"minecraft:dropped":{"minecraft:oak_slab":48,"minecraft:oak_log":5,"minecraft:oak_sapling":5,"exdeorum:crook":2},"minecraft:picked_up":{"exdeorum:crook":1,"minecraft:oak_slab":4,"minecraft:stick":3,"exdeorum:oak_crucible":1,"minecraft:torch":1,"minecraft:oak_log":17,"exdeorum:oak_barrel":1,"minecraft:dirt":7,"minecraft:apple":2,"minecraft:oak_sapling":5,"minecraft:chest":2},"minecraft:mined":{"minecraft:oak_slab":2,"minecraft:oak_trapdoor":1,"minecraft:grass_block":5,"minecraft:oak_log":12,"exdeorum:oak_barrel":1,"minecraft:chest":2,"minecraft:dirt":5,"minecraft:oak_leaves":1},"minecraft:used":{"exdeorum:oak_barrel":1,"chancecubes:chance_cube":1,"minecraft:chest":2,"minecraft:torch":2,"minecraft:dirt":7,"minecraft:oak_slab":52,"minecraft:oak_sapling":2}},"DataVersion":3465}