{"stats":{"minecraft:killed":{"minecraft:zombie":1},"minecraft:custom":{"minecraft:mob_kills":3,"minecraft:interact_with_crafting_table":28,"minecraft:leave_game":1,"minecraft:time_since_death":5164,"minecraft:opened_chance_cube":8,"minecraft:time_since_rest":5196,"minecraft:walk_one_cm":331725,"minecraft:sprint_one_cm":55300,"minecraft:damage_taken":1012,"minecraft:drop":19,"minecraft:damage_dealt":311,"minecraft:fly_one_cm":41007,"minecraft:open_chest":115,"minecraft:crouch_one_cm":46027,"minecraft:play_time":86170,"minecraft:deaths":4,"minecraft:sneak_time":13349,"minecraft:walk_under_water_one_cm":7675,"minecraft:jump":234,"minecraft:walk_on_water_one_cm":7981,"minecraft:total_world_time":86170,"minecraft:fall_one_cm":3883},"minecraft:crafted":{"minecraft:oak_slab":618,"minecraft:oak_planks":748,"exdeorum:oak_barrel":2,"exdeorum:crook":4,"exdeorum:string_mesh":1,"minecraft:stick":76,"exdeorum:oak_sieve":1,"minecraft:oak_fence":42},"minecraft:dropped":{"minecraft:oak_slab":48,"minecraft:oak_log":69,"exdeorum:string_mesh":1,"botania:pebble":14,"minecraft:stick":8,"woodenbucket:wooden_bucket":1,"sc:copper_coin":5,"mysticalagriculture:inferium_essence":2,"minecraft:oak_sapling":11,"exdeorum:wooden_hammer":1,"exdeorum:crook":2},"minecraft:picked_up":{"exdeorum:crook":1,"minecraft:crafting_table":1,"minecraft:oak_log":160,"exdeorum:stone_hammer":2,"exdeorum:oak_barrel":1,"botania:pebble":20,"minecraft:dirt":7,"minecraft:string":185,"minecraft:apple":2,"mysticalagriculture:inferium_essence":1,"minecraft:stone_pickaxe":1,"exdeorum:wooden_hammer":1,"minecraft:chest":2,"minecraft:stone_hoe":1,"minecraft:oak_planks":5,"minecraft:oak_slab":20,"minecraft:stick":13,"exdeorum:oak_crucible":1,"minecraft:oak_fence":4,"minecraft:torch":3,"minecraft:ink_sac":18,"woodenbucket:wooden_bucket":1,"exdeorum:silk_worm":11,"minecraft:stone_sword":1,"minecraft:stone_axe":1,"minecraft:pumpkin_pie":1,"chancecubes:chance_cube":1,"minecraft:oak_sapling":15},"minecraft:mined":{"minecraft:oak_slab":13,"exdeorum:infested_leaves":368,"minecraft:oak_fence":4,"minecraft:crafting_table":1,"minecraft:grass_block":5,"minecraft:chest":2,"minecraft:glass":4,"minecraft:oak_planks":6,"minecraft:wall_torch":1,"minecraft:oak_trapdoor":1,"minecraft:fire":1,"minecraft:oak_log":91,"exdeorum:oak_barrel":1,"minecraft:dirt":5,"minecraft:oak_leaves":18},"minecraft:broken":{"exdeorum:crook":3},"minecraft:used":{"exdeorum:oak_sieve":1,"minecraft:oak_fence":28,"minecraft:stone_sword":3,"minecraft:oak_planks":136,"minecraft:chest":2,"exdeorum:crook":384,"minecraft:torch":4,"minecraft:dirt":7,"minecraft:oak_slab":584,"minecraft:crafting_table":1,"exdeorum:silk_worm":2,"minecraft:oak_log":2,"exdeorum:oak_barrel":3,"minecraft:apple":2,"chancecubes:chance_cube":8,"exdeorum:stone_hammer":7,"minecraft:oak_sapling":15}},"DataVersion":3465}