{"stats":{"minecraft:broken":{"constructionwand:stone_wand":1,"exdeorum:stone_hammer":3,"exdeorum:crook":3},"minecraft:crafted":{"minecraft:oak_planks":748,"minecraft:cobblestone_slab":414,"exdeorum:string_mesh":1,"minecraft:oak_fence":42,"exdeorum:iron_mesh":9,"minecraft:oak_slab":690,"exdeorum:oak_barrel":2,"minecraft:gold_ore":6,"minecraft:air":0,"exdeorum:crook":4,"minecraft:charcoal":9,"minecraft:stick":84,"minecraft:iron_ingot":23,"minecraft:iron_ore":8,"minecraft:gold_ingot":15,"exdeorum:oak_sieve":1,"minecraft:torch":36},"minecraft:mined":{"minecraft:light_blue_wool":6,"minecraft:orange_wool":3,"gravestone:gravestone":2,"minecraft:grass_block":5,"minecraft:blue_wool":1,"minecraft:pink_wool":1,"minecraft:oak_trapdoor":1,"minecraft:fire":1,"minecraft:cobblestone_slab":1,"minecraft:white_wool":1,"minecraft:oak_slab":24,"minecraft:red_wool":2,"exdeorum:infested_leaves":368,"minecraft:oak_fence":4,"minecraft:crafting_table":1,"minecraft:torch":4,"minecraft:chest":2,"minecraft:glass":4,"minecraft:cobblestone":203,"minecraft:sugar_cane":4,"minecraft:oak_planks":23,"minecraft:wall_torch":2,"minecraft:purple_wool":3,"minecraft:light_gray_wool":6,"minecraft:black_wool":4,"minecraft:oak_log":91,"exdeorum:oak_barrel":1,"minecraft:dirt":5,"minecraft:magenta_wool":1,"minecraft:oak_leaves":18},"minecraft:picked_up":{"exdeorum:gold_ore_chunk":14,"minecraft:crafting_table":1,"minecraft:purple_wool":3,"minecraft:wooden_pickaxe":2,"minecraft:pink_wool":1,"storagedrawers:oak_half_drawers_4":1,"exdeorum:iron_ore_chunk":18,"exdeorum:stone_hammer":4,"exdeorum:oak_barrel":1,"exdeorum:grass_seeds":1,"minecraft:string":185,"exdeorum:granite_pebble":246,"minecraft:armor_stand":1,"minecraft:magenta_wool":2,"minecraft:oak_sign":2,"storagedrawers:oak_half_drawers_1":1,"cobblefordays:tier_1":3,"mysticalagriculture:inferium_essence":3,"minecraft:oak_boat":1,"minecraft:cobblestone_slab":329,"mekanismtools:wood_paxel":1,"minecraft:iron_nugget":125,"minecraft:light_gray_wool":7,"exdeorum:wooden_hammer":1,"minecraft:sugar_cane":4,"minecraft:chest":2,"minecraft:blue_wool":1,"minecraft:stick":15,"exdeorum:oak_crucible":1,"minecraft:oak_fence":4,"minecraft:torch":8,"minecraft:pointed_dripstone":9,"minecraft:redstone":33,"cookingforblockheads:crafting_book":1,"woodenbucket:wooden_bucket":1,"exdeorum:silk_worm":11,"minecraft:stone_sword":1,"minecraft:rotten_flesh":2,"minecraft:light_blue_wool":6,"minecraft:pumpkin_pie":1,"exdeorum:diorite_pebble":223,"exdeorum:tin_ore_chunk":17,"exdeorum:andesite_pebble":210,"minecraft:gold_ingot":1,"minecraft:mutton":7,"minecraft:iron_bars":21,"minecraft:white_wool":6,"minecraft:cobblestone":66,"exdeorum:osmium_ore_chunk":14,"exdeorum:crook":1,"storagedrawers:oak_full_drawers_4":1,"minecraft:brown_wool":1,"minecraft:potato":1,"minecraft:torchflower":1,"minecraft:flint":46,"minecraft:oak_log":160,"cookingforblockheads:recipe_book":1,"minecraft:dirt":14,"botania:pebble":20,"minecraft:lapis_lazuli":17,"exdeorum:nickel_ore_chunk":15,"minecraft:apple":2,"minecraft:wheat_seeds":1,"exdeorum:stone_pebble":574,"minecraft:iron_ingot":14,"minecraft:stone_pickaxe":2,"storagedrawers:oak_full_drawers_1":1,"minecraft:stone_hoe":1,"minecraft:oak_planks":19,"minecraft:oak_slab":30,"exdeorum:deepslate_pebble":206,"exdeorum:lead_ore_chunk":9,"minecraft:red_wool":1,"mekanismtools:stone_paxel":1,"minecraft:gravel":201,"exdeorum:flint_mesh":10,"minecraft:amethyst_shard":5,"minecraft:ink_sac":18,"minecraft:dead_bush":192,"exdeorum:silver_ore_chunk":13,"minecraft:orange_wool":3,"minecraft:pumpkin_seeds":1,"minecraft:slime_ball":14,"exdeorum:aluminum_ore_chunk":12,"minecraft:diamond":8,"minecraft:stone_axe":1,"constructionwand:stone_wand":1,"storagedrawers:oak_half_drawers_2":1,"chancecubes:chance_cube":6,"storagedrawers:oak_full_drawers_2":1,"exdeorum:copper_ore_chunk":21,"minecraft:emerald":4,"minecraft:oak_sapling":15,"minecraft:black_wool":4,"minecraft:coal":36},"minecraft:killed":{"minecraft:vex":1,"minecraft:spider":2,"minecraft:slime":20,"minecraft:skeleton":1,"minecraft:sheep":4,"minecraft:zombie":5},"minecraft:used":{"minecraft:oak_fence":28,"minecraft:stone_sword":37,"minecraft:chest":2,"exdeorum:crook":384,"minecraft:rotten_flesh":4,"minecraft:torch":22,"minecraft:dirt":7,"exdeorum:silk_worm":2,"chancecubes:chance_cube":21,"minecraft:light_gray_wool":2,"cobblefordays:tier_1":2,"exdeorum:stone_hammer":255,"minecraft:oak_sapling":15,"exdeorum:oak_sieve":1,"minecraft:stone_pickaxe":1,"minecraft:oak_planks":178,"minecraft:wooden_pickaxe":2,"minecraft:cobblestone_slab":551,"minecraft:oak_slab":646,"minecraft:crafting_table":1,"constructionwand:stone_wand":24,"minecraft:oak_log":2,"exdeorum:oak_barrel":3,"minecraft:apple":9,"minecraft:gravel":201,"minecraft:stone_axe":23,"minecraft:cobblestone":193,"minecraft:oak_boat":1},"minecraft:dropped":{"cookingforblockheads:crafting_book":1,"minecraft:iron_ingot":1,"minecraft:oak_slab":48,"minecraft:oak_log":69,"minecraft:diamond":1,"minecraft:cobblestone":128,"constructionwand:stone_wand":1,"cobblefordays:tier_1":1,"minecraft:coal":1,"minecraft:stick":9,"minecraft:emerald":1,"sc:copper_coin":7,"minecraft:mutton":7,"storagedrawers:oak_half_drawers_2":1,"exdeorum:wooden_hammer":1,"exdeorum:crook":2,"minecraft:white_wool":5,"minecraft:gold_ingot":1,"minecraft:redstone":33,"botania:pebble":14,"exdeorum:string_mesh":1,"minecraft:rotten_flesh":2,"woodenbucket:wooden_bucket":1,"minecraft:cobblestone_slab":192,"mysticalagriculture:inferium_essence":3,"minecraft:oak_sapling":11,"storagedrawers:oak_half_drawers_4":1,"minecraft:slime_ball":14,"minecraft:wooden_pickaxe":2},"minecraft:custom":{"minecraft:mob_kills":36,"minecraft:interact_with_crafting_table":36,"minecraft:time_since_death":30351,"minecraft:leave_game":6,"minecraft:opened_chance_cube":21,"minecraft:sprint_one_cm":191748,"minecraft:walk_one_cm":729053,"minecraft:drop":45,"minecraft:play_time":176653,"minecraft:deaths":10,"minecraft:sneak_time":19319,"minecraft:walk_under_water_one_cm":8729,"minecraft:boat_one_cm":19,"minecraft:jump":920,"minecraft:walk_on_water_one_cm":11392,"minecraft:total_world_time":176653,"minecraft:interact_with_furnace":14,"minecraft:time_since_rest":30380,"minecraft:damage_taken":3675,"minecraft:use_wand":165,"minecraft:damage_dealt":3055,"minecraft:fly_one_cm":177435,"minecraft:open_chest":298,"minecraft:crouch_one_cm":74614,"minecraft:fall_one_cm":24075},"minecraft:killed_by":{"minecraft:sheep":1,"minecraft:skeleton":1}},"DataVersion":3465}