{"stats":{"minecraft:crafted":{"minecraft:oak_slab":348,"minecraft:oak_planks":408,"exdeorum:oak_barrel":2,"exdeorum:string_mesh":1,"exdeorum:oak_sieve":1,"exdeorum:crook":3},"minecraft:custom":{"minecraft:time_since_rest":12159,"minecraft:sprint_one_cm":28879,"minecraft:damage_taken":502,"minecraft:walk_one_cm":144634,"minecraft:mob_kills":1,"minecraft:drop":9,"minecraft:damage_dealt":30,"minecraft:interact_with_crafting_table":20,"minecraft:fly_one_cm":13846,"minecraft:open_chest":59,"minecraft:crouch_one_cm":32356,"minecraft:play_time":50170,"minecraft:deaths":2,"minecraft:walk_under_water_one_cm":7468,"minecraft:sneak_time":9146,"minecraft:jump":70,"minecraft:leave_game":1,"minecraft:time_since_death":12079,"minecraft:walk_on_water_one_cm":1700,"minecraft:total_world_time":50170,"minecraft:fall_one_cm":602,"minecraft:opened_chance_cube":5},"minecraft:dropped":{"woodenbucket:wooden_bucket":1,"minecraft:oak_slab":48,"exdeorum:string_mesh":1,"minecraft:oak_log":5,"minecraft:oak_sapling":5,"exdeorum:wooden_hammer":1,"exdeorum:crook":2},"minecraft:picked_up":{"exdeorum:crook":1,"minecraft:oak_slab":9,"minecraft:stick":3,"exdeorum:oak_crucible":1,"minecraft:torch":1,"minecraft:oak_log":94,"exdeorum:oak_barrel":1,"minecraft:string":128,"minecraft:dirt":7,"woodenbucket:wooden_bucket":1,"exdeorum:silk_worm":7,"minecraft:apple":2,"minecraft:pumpkin_pie":1,"chancecubes:chance_cube":1,"minecraft:oak_sapling":8,"exdeorum:wooden_hammer":1,"minecraft:chest":2,"minecraft:oak_planks":2},"minecraft:mined":{"minecraft:oak_slab":4,"minecraft:oak_trapdoor":1,"minecraft:fire":1,"exdeorum:infested_leaves":240,"minecraft:grass_block":5,"minecraft:oak_log":89,"exdeorum:oak_barrel":1,"minecraft:chest":2,"minecraft:dirt":5,"minecraft:oak_planks":3,"minecraft:oak_leaves":18},"minecraft:broken":{"exdeorum:crook":2},"minecraft:used":{"exdeorum:oak_barrel":3,"chancecubes:chance_cube":5,"minecraft:oak_planks":55,"minecraft:chest":2,"exdeorum:crook":256,"minecraft:torch":2,"minecraft:dirt":7,"minecraft:oak_slab":303,"minecraft:oak_sapling":15,"exdeorum:silk_worm":2}},"DataVersion":3465}