{"stats":{"minecraft:crafted":{"minecraft:oak_slab":192,"minecraft:oak_planks":148,"exdeorum:oak_barrel":2,"exdeorum:oak_sieve":1,"exdeorum:crook":3},"minecraft:custom":{"minecraft:time_since_rest":159,"minecraft:sprint_one_cm":5741,"minecraft:damage_taken":460,"minecraft:walk_one_cm":92753,"minecraft:mob_kills":1,"minecraft:drop":7,"minecraft:damage_dealt":30,"minecraft:interact_with_crafting_table":17,"minecraft:fly_one_cm":1674,"minecraft:open_chest":42,"minecraft:crouch_one_cm":22048,"minecraft:play_time":38170,"minecraft:deaths":2,"minecraft:walk_under_water_one_cm":7468,"minecraft:sneak_time":7188,"minecraft:jump":29,"minecraft:leave_game":1,"minecraft:time_since_death":79,"minecraft:walk_on_water_one_cm":1700,"minecraft:total_world_time":38170,"minecraft:opened_chance_cube":2},"minecraft:dropped":{"minecraft:oak_slab":48,"minecraft:oak_log":5,"minecraft:oak_sapling":5,"exdeorum:wooden_hammer":1,"exdeorum:crook":2},"minecraft:picked_up":{"exdeorum:crook":1,"minecraft:oak_slab":8,"minecraft:stick":3,"exdeorum:oak_crucible":1,"minecraft:torch":1,"minecraft:oak_log":94,"exdeorum:oak_barrel":1,"minecraft:string":128,"minecraft:dirt":7,"exdeorum:silk_worm":7,"minecraft:apple":2,"minecraft:pumpkin_pie":1,"minecraft:oak_sapling":8,"exdeorum:wooden_hammer":1,"minecraft:chest":2},"minecraft:mined":{"minecraft:oak_slab":4,"minecraft:oak_trapdoor":1,"minecraft:fire":1,"exdeorum:infested_leaves":240,"minecraft:grass_block":5,"minecraft:oak_log":89,"exdeorum:oak_barrel":1,"minecraft:chest":2,"minecraft:dirt":5,"minecraft:oak_leaves":18},"minecraft:broken":{"exdeorum:crook":2},"minecraft:used":{"exdeorum:oak_barrel":3,"chancecubes:chance_cube":2,"minecraft:chest":2,"exdeorum:crook":256,"minecraft:torch":2,"minecraft:dirt":7,"minecraft:oak_slab":146,"minecraft:oak_sapling":15,"exdeorum:silk_worm":2}},"DataVersion":3465}