{"stats":{"minecraft:crafted":{"minecraft:oak_slab":348,"minecraft:oak_planks":492,"exdeorum:oak_barrel":2,"exdeorum:string_mesh":1,"minecraft:stick":12,"exdeorum:oak_sieve":1,"exdeorum:crook":4},"minecraft:custom":{"minecraft:time_since_rest":4844,"minecraft:sprint_one_cm":34716,"minecraft:damage_taken":772,"minecraft:walk_one_cm":231858,"minecraft:mob_kills":1,"minecraft:drop":14,"minecraft:damage_dealt":30,"minecraft:interact_with_crafting_table":23,"minecraft:fly_one_cm":20441,"minecraft:open_chest":83,"minecraft:crouch_one_cm":36206,"minecraft:play_time":62170,"minecraft:deaths":3,"minecraft:walk_under_water_one_cm":7468,"minecraft:sneak_time":10009,"minecraft:jump":113,"minecraft:leave_game":1,"minecraft:time_since_death":4818,"minecraft:walk_on_water_one_cm":1764,"minecraft:total_world_time":62170,"minecraft:fall_one_cm":2004,"minecraft:opened_chance_cube":5},"minecraft:dropped":{"woodenbucket:wooden_bucket":1,"minecraft:oak_slab":48,"exdeorum:string_mesh":1,"minecraft:oak_log":69,"minecraft:oak_sapling":11,"exdeorum:wooden_hammer":1,"exdeorum:crook":2,"minecraft:stick":8},"minecraft:picked_up":{"exdeorum:crook":1,"minecraft:oak_slab":14,"minecraft:stick":13,"exdeorum:oak_crucible":1,"minecraft:torch":1,"minecraft:oak_log":158,"exdeorum:oak_barrel":1,"minecraft:string":185,"minecraft:dirt":7,"woodenbucket:wooden_bucket":1,"exdeorum:silk_worm":11,"minecraft:apple":2,"minecraft:pumpkin_pie":1,"chancecubes:chance_cube":1,"minecraft:oak_sapling":15,"exdeorum:wooden_hammer":1,"minecraft:chest":2,"minecraft:oak_planks":3},"minecraft:mined":{"minecraft:oak_slab":10,"minecraft:oak_trapdoor":1,"minecraft:fire":1,"exdeorum:infested_leaves":368,"minecraft:grass_block":5,"minecraft:oak_log":89,"exdeorum:oak_barrel":1,"minecraft:chest":2,"minecraft:dirt":5,"minecraft:glass":4,"minecraft:oak_planks":4,"minecraft:oak_leaves":18},"minecraft:broken":{"exdeorum:crook":3},"minecraft:used":{"exdeorum:oak_sieve":1,"exdeorum:oak_barrel":3,"minecraft:apple":1,"chancecubes:chance_cube":5,"minecraft:oak_planks":134,"minecraft:chest":2,"exdeorum:crook":384,"minecraft:torch":2,"minecraft:dirt":7,"minecraft:oak_slab":303,"minecraft:oak_sapling":15,"exdeorum:silk_worm":2}},"DataVersion":3465}