{"stats":{"minecraft:killed":{"minecraft:zombie":1},"minecraft:custom":{"minecraft:mob_kills":3,"minecraft:interact_with_crafting_table":30,"minecraft:leave_game":1,"minecraft:time_since_death":17164,"minecraft:opened_chance_cube":9,"minecraft:time_since_rest":17196,"minecraft:walk_one_cm":403042,"minecraft:sprint_one_cm":70191,"minecraft:damage_taken":1012,"minecraft:drop":22,"minecraft:damage_dealt":311,"minecraft:fly_one_cm":57524,"minecraft:open_chest":140,"minecraft:crouch_one_cm":52445,"minecraft:play_time":98170,"minecraft:deaths":4,"minecraft:sneak_time":14776,"minecraft:walk_under_water_one_cm":7675,"minecraft:jump":311,"minecraft:walk_on_water_one_cm":8942,"minecraft:total_world_time":98170,"minecraft:fall_one_cm":4359},"minecraft:crafted":{"minecraft:oak_slab":618,"minecraft:oak_planks":748,"minecraft:cobblestone_slab":384,"exdeorum:oak_barrel":2,"exdeorum:crook":4,"exdeorum:string_mesh":1,"minecraft:stick":76,"exdeorum:oak_sieve":1,"minecraft:oak_fence":42},"minecraft:dropped":{"minecraft:oak_slab":48,"minecraft:oak_log":69,"exdeorum:string_mesh":1,"botania:pebble":14,"minecraft:stick":8,"minecraft:cobblestone_slab":192,"woodenbucket:wooden_bucket":1,"sc:copper_coin":5,"mysticalagriculture:inferium_essence":2,"minecraft:oak_sapling":11,"exdeorum:wooden_hammer":1,"exdeorum:crook":2},"minecraft:picked_up":{"exdeorum:crook":1,"minecraft:crafting_table":1,"minecraft:purple_wool":3,"minecraft:brown_wool":1,"minecraft:pink_wool":1,"minecraft:oak_log":160,"exdeorum:stone_hammer":2,"exdeorum:oak_barrel":1,"botania:pebble":20,"minecraft:dirt":14,"minecraft:string":185,"minecraft:magenta_wool":2,"minecraft:apple":2,"mysticalagriculture:inferium_essence":1,"minecraft:stone_pickaxe":1,"minecraft:cobblestone_slab":4,"minecraft:light_gray_wool":6,"storagedrawers:oak_full_drawers_1":1,"exdeorum:wooden_hammer":1,"minecraft:chest":2,"minecraft:stone_hoe":1,"minecraft:oak_planks":17,"minecraft:blue_wool":1,"minecraft:oak_slab":27,"minecraft:stick":13,"exdeorum:oak_crucible":1,"minecraft:red_wool":1,"minecraft:oak_fence":4,"minecraft:torch":3,"minecraft:ink_sac":18,"minecraft:orange_wool":3,"woodenbucket:wooden_bucket":1,"exdeorum:silk_worm":11,"minecraft:stone_sword":1,"minecraft:light_blue_wool":6,"minecraft:stone_axe":1,"minecraft:pumpkin_pie":1,"chancecubes:chance_cube":1,"minecraft:oak_sapling":15,"minecraft:black_wool":4,"minecraft:white_wool":1},"minecraft:mined":{"minecraft:oak_slab":21,"minecraft:light_blue_wool":6,"minecraft:red_wool":2,"exdeorum:infested_leaves":368,"minecraft:orange_wool":3,"minecraft:oak_fence":4,"minecraft:crafting_table":1,"minecraft:grass_block":5,"minecraft:chest":2,"minecraft:glass":4,"minecraft:blue_wool":1,"minecraft:oak_planks":23,"minecraft:pink_wool":1,"minecraft:wall_torch":1,"minecraft:purple_wool":3,"minecraft:oak_trapdoor":1,"minecraft:fire":1,"minecraft:light_gray_wool":5,"minecraft:black_wool":4,"minecraft:oak_log":91,"exdeorum:oak_barrel":1,"minecraft:dirt":5,"minecraft:magenta_wool":1,"minecraft:white_wool":1,"minecraft:oak_leaves":18},"minecraft:broken":{"exdeorum:crook":3},"minecraft:used":{"exdeorum:oak_sieve":1,"minecraft:oak_fence":28,"minecraft:stone_sword":3,"minecraft:oak_planks":176,"minecraft:chest":2,"exdeorum:crook":384,"minecraft:cobblestone_slab":147,"minecraft:torch":4,"minecraft:dirt":7,"minecraft:oak_slab":591,"minecraft:crafting_table":1,"exdeorum:silk_worm":2,"minecraft:oak_log":2,"exdeorum:oak_barrel":3,"minecraft:apple":2,"chancecubes:chance_cube":9,"minecraft:light_gray_wool":1,"minecraft:stone_axe":23,"exdeorum:stone_hammer":7,"minecraft:oak_sapling":15}},"DataVersion":3465}