{"stats":{"minecraft:crafted":{"exdeorum:oak_crucible":1,"minecraft:oak_slab":240,"minecraft:oak_planks":180,"exdeorum:oak_barrel":1,"exdeorum:wooden_hammer":1,"exdeorum:oak_sieve":1,"woodenbucket:wooden_bucket":1},"minecraft:custom":{"minecraft:time_since_rest":50949,"minecraft:sprint_one_cm":11469,"minecraft:damage_taken":150,"minecraft:walk_one_cm":154666,"minecraft:drop":23,"minecraft:damage_dealt":10,"minecraft:interact_with_crafting_table":11,"minecraft:fly_one_cm":781,"minecraft:open_chest":28,"minecraft:crouch_one_cm":34699,"minecraft:play_time":50949,"minecraft:sneak_time":9953,"minecraft:jump":10,"minecraft:time_since_death":50949,"minecraft:walk_on_water_one_cm":478,"minecraft:total_world_time":50949,"minecraft:opened_chance_cube":4},"minecraft:dropped":{"woodenbucket:wooden_bucket":1,"exdeorum:string_mesh":1,"exdeorum:wooden_hammer":2,"exdeorum:crook":1,"minecraft:oak_planks":47,"chancecubes:chance_cube":1},"minecraft:picked_up":{"exdeorum:crook":2,"minecraft:oak_slab":2,"minecraft:stick":51,"minecraft:oak_log":154,"minecraft:dirt":5,"minecraft:string":30,"woodenbucket:wooden_bucket":1,"exdeorum:string_mesh":2,"minecraft:apple":11,"minecraft:tropical_fish":1,"minecraft:oak_sapling":88,"exdeorum:wooden_hammer":2,"minecraft:oak_planks":61},"minecraft:mined":{"minecraft:oak_slab":2,"exdeorum:infested_leaves":64,"minecraft:torch":1,"minecraft:grass_block":1,"minecraft:oak_log":189,"minecraft:dirt":1,"minecraft:oak_planks":2,"minecraft:oak_leaves":136},"minecraft:used":{"exdeorum:oak_barrel":1,"minecraft:apple":6,"chancecubes:chance_cube":3,"minecraft:oak_planks":15,"exdeorum:crook":66,"minecraft:torch":1,"minecraft:dirt":5,"minecraft:oak_slab":215,"minecraft:oak_sapling":51,"exdeorum:silk_worm":1}},"DataVersion":3465}