{"stats":{"minecraft:crafted":{"exdeorum:oak_crucible":1,"minecraft:oak_slab":300,"minecraft:oak_planks":236,"exdeorum:oak_barrel":1,"exdeorum:wooden_hammer":1,"exdeorum:oak_sieve":1,"woodenbucket:wooden_bucket":3},"minecraft:custom":{"minecraft:time_since_rest":21723,"minecraft:sprint_one_cm":25202,"minecraft:damage_taken":4280,"minecraft:walk_one_cm":284065,"minecraft:drop":24,"minecraft:damage_dealt":10,"minecraft:interact_with_crafting_table":14,"minecraft:fly_one_cm":2123,"minecraft:open_chest":61,"minecraft:crouch_one_cm":42461,"minecraft:play_time":74949,"minecraft:deaths":2,"minecraft:sneak_time":11801,"minecraft:walk_under_water_one_cm":90,"minecraft:jump":156,"minecraft:time_since_death":21697,"minecraft:walk_on_water_one_cm":1053,"minecraft:total_world_time":74949,"minecraft:fall_one_cm":39071,"minecraft:opened_chance_cube":5},"minecraft:dropped":{"woodenbucket:wooden_bucket":2,"exdeorum:string_mesh":1,"exdeorum:wooden_hammer":2,"exdeorum:crook":1,"minecraft:oak_planks":47,"chancecubes:chance_cube":1},"minecraft:picked_up":{"exdeorum:crook":2,"minecraft:oak_slab":2,"minecraft:stick":76,"minecraft:oak_log":317,"botania:pebble":44,"minecraft:dirt":5,"minecraft:string":30,"woodenbucket:wooden_bucket":1,"exdeorum:string_mesh":2,"minecraft:apple":13,"minecraft:tropical_fish":1,"minecraft:oak_sapling":112,"exdeorum:wooden_hammer":2,"minecraft:oak_planks":63},"minecraft:mined":{"minecraft:oak_slab":2,"exdeorum:infested_leaves":128,"gravestone:gravestone":1,"minecraft:torch":1,"minecraft:grass_block":1,"minecraft:oak_log":352,"minecraft:dirt":1,"minecraft:oak_planks":4,"minecraft:oak_leaves":457},"minecraft:used":{"exdeorum:oak_barrel":1,"minecraft:apple":7,"chancecubes:chance_cube":4,"minecraft:oak_planks":29,"exdeorum:crook":67,"minecraft:torch":1,"minecraft:dirt":5,"minecraft:oak_slab":290,"minecraft:oak_sapling":84,"exdeorum:silk_worm":1}},"DataVersion":3465}