{"stats":{"minecraft:crafted":{"exdeorum:oak_crucible":1,"minecraft:oak_slab":102,"minecraft:oak_planks":64,"exdeorum:oak_barrel":1,"exdeorum:wooden_hammer":1,"exdeorum:oak_sieve":1},"minecraft:custom":{"minecraft:time_since_rest":38949,"minecraft:sprint_one_cm":4089,"minecraft:damage_taken":150,"minecraft:walk_one_cm":91106,"minecraft:drop":17,"minecraft:damage_dealt":10,"minecraft:interact_with_crafting_table":8,"minecraft:fly_one_cm":66,"minecraft:open_chest":19,"minecraft:crouch_one_cm":25725,"minecraft:play_time":38949,"minecraft:sneak_time":7577,"minecraft:jump":5,"minecraft:time_since_death":38949,"minecraft:walk_on_water_one_cm":397,"minecraft:total_world_time":38949,"minecraft:opened_chance_cube":4},"minecraft:dropped":{"exdeorum:wooden_hammer":2,"exdeorum:crook":1,"minecraft:oak_planks":44},"minecraft:picked_up":{"exdeorum:crook":2,"minecraft:oak_slab":2,"minecraft:stick":44,"minecraft:oak_log":121,"minecraft:dirt":5,"minecraft:string":30,"minecraft:apple":10,"minecraft:tropical_fish":1,"minecraft:oak_sapling":68,"exdeorum:wooden_hammer":2,"minecraft:oak_planks":56},"minecraft:mined":{"minecraft:oak_slab":2,"exdeorum:infested_leaves":64,"minecraft:torch":1,"minecraft:grass_block":1,"minecraft:oak_log":156,"minecraft:dirt":1,"minecraft:oak_leaves":8},"minecraft:used":{"exdeorum:oak_barrel":1,"minecraft:apple":5,"chancecubes:chance_cube":3,"exdeorum:crook":66,"minecraft:dirt":5,"minecraft:oak_slab":104,"minecraft:oak_sapling":23}},"DataVersion":3465}