{"stats":{"minecraft:dropped":{"cookingforblockheads:crafting_book":2,"minecraft:torchflower":1,"minecraft:iron_ingot":18,"botania:cosmetic_thick_eyebrows":1,"chancecubes:chance_cube":1,"mekanismtools:stone_paxel":1,"cobblefordays:tier_1":1,"minecraft:flint":1,"mekanismtools:wood_paxel":1,"storagedrawers:oak_full_drawers_1":1,"minecraft:dirt":1,"cookingforblockheads:recipe_book":2,"exdeorum:unfired_porcelain_crucible":1,"minecraft:torch":14,"storagedrawers:oak_full_drawers_2":1,"mob_grinding_utils:mob_swab":1,"storagedrawers:oak_half_drawers_2":2,"storagedrawers:oak_half_drawers_1":1,"lootboxesplus:uncommon_loot_bag":1,"exdeorum:wooden_hammer":2,"minecraft:dead_bush":193,"exdeorum:crook":1,"ironchests:dirt_chest":2,"minecraft:iron_pickaxe":1,"ironchests:copper_chest":1,"minecraft:fishing_rod":1,"minecraft:bucket":1,"exdeorum:string_mesh":1,"minecraft:oak_planks":47,"exdeorum:flint_mesh":6,"cobblefordays:tier_2":1,"woodenbucket:wooden_bucket":2,"exdeorum:porcelain_bucket":1,"storagedrawers:oak_half_drawers_4":1,"minecraft:slime_ball":1,"storagedrawers:oak_full_drawers_4":1,"minecraft:enchanting_table":1,"redstone_arsenal:flux_metal_block":1,"exdeorum:stone_hammer":1},"minecraft:picked_up":{"exdeorum:gold_ore_chunk":135,"exdeorum:porcelain_bucket":1,"minecraft:fishing_rod":2,"minecraft:wheat":741,"botania:cosmetic_thick_eyebrows":2,"exdeorum:dust":46,"redstone_arsenal:flux_metal_block":1,"minecraft:diamond_sword":1,"storagedrawers:oak_half_drawers_4":1,"minecraft:oak_stairs":1,"exdeorum:iron_ore_chunk":258,"mob_grinding_utils:mob_swab":1,"exdeorum:stone_hammer":3,"minecraft:string":30,"exdeorum:string_mesh":11,"exdeorum:granite_pebble":375,"exdeorum:golden_mesh":1,"cobblefordays:tier_1":1,"mysticalagriculture:inferium_essence":9,"minecraft:gold_nugget":19,"exdeorum:iron_mesh":1,"minecraft:bucket":1,"minecraft:beef":3,"ironchests:dirt_chest":3,"minecraft:cobblestone_slab":1,"minecraft:iron_nugget":827,"exdeorum:compressed_stone_hammer":1,"minecraft:iron_pickaxe":1,"lootboxesplus:uncommon_loot_bag":1,"exdeorum:wooden_hammer":2,"minecraft:sugar_cane":79,"minecraft:chest":1,"minecraft:furnace":8,"minecraft:stick":142,"handcrafted:berry_jam_jar":1,"minecraft:torch":5,"minecraft:cookie":28,"minecraft:pointed_dripstone":40,"minecraft:carrot":1,"minecraft:redstone":8,"minecraft:rabbit_foot":4,"cookingforblockheads:crafting_book":2,"woodenbucket:wooden_bucket":1,"minecraft:stone_sword":2,"cyclic:emerald_pickaxe":1,"minecraft:rotten_flesh":1,"minecraft:tropical_fish":2,"exdeorum:unfired_porcelain_crucible":1,"ae2:certus_quartz_dust":4,"exdeorum:diorite_pebble":405,"exdeorum:tin_ore_chunk":209,"exdeorum:andesite_pebble":434,"minecraft:wolf_spawn_egg":1,"cyclic:emerald_sword":1,"minecraft:mutton":2,"minecraft:white_wool":2,"minecraft:cod":5,"minecraft:blaze_powder":3,"minecraft:cobblestone":1,"exdeorum:crook":2,"exdeorum:osmium_ore_chunk":113,"minecraft:enchanting_table":2,"exdeorum:random_pottery_sherd":1,"minecraft:magma_cream":1,"enderio:grains_of_infinity":11,"minecraft:potato":878,"minecraft:mushroom_stew":1,"ironchests:copper_chest":1,"minecraft:torchflower":3,"minecraft:flint":252,"minecraft:oak_log":864,"cookingforblockheads:recipe_book":1,"minecraft:gunpowder":8,"botania:pebble":2358,"minecraft:lapis_lazuli":128,"exdeorum:nickel_ore_chunk":150,"minecraft:dirt":61,"ae2:sky_dust":3,"minecraft:apple":28,"minecraft:wheat_seeds":1941,"ftbquests:book":1,"exdeorum:stone_pebble":1083,"minecraft:rabbit_hide":11,"minecraft:iron_ingot":5,"minecraft:stone_pickaxe":1,"minecraft:rabbit":21,"minecraft:glowstone_dust":1,"minecraft:stone_hoe":1,"minecraft:oak_planks":184,"minecraft:oak_slab":41,"thermal:raw_tin":1,"exdeorum:deepslate_pebble":1788,"exdeorum:lead_ore_chunk":144,"minecraft:poisonous_potato":6,"ae2:certus_quartz_crystal":1,"minecraft:gravel":652,"exdeorum:flint_mesh":6,"minecraft:sand":137,"minecraft:amethyst_shard":163,"minecraft:ink_sac":4,"minecraft:dead_bush":1,"minecraft:diamond_block":2,"exdeorum:silver_ore_chunk":98,"exdeorum:diamond_mesh":1,"exdeorum:aluminum_ore_chunk":127,"minecraft:slime_ball":2,"minecraft:diamond":137,"minecraft:stone_axe":2,"cobblefordays:tier_2":1,"storagedrawers:oak_half_drawers_2":2,"minecraft:bone_meal":11,"minecraft:golden_apple":1,"exdeorum:copper_ore_chunk":156,"minecraft:emerald":115,"minecraft:oak_sapling":213,"minecraft:coal":176},"minecraft:killed":{"minecraft:vex":2,"minecraft:spider":1,"minecraft:slime":2,"minecraft:silverfish":3,"minecraft:magma_cube":5,"minecraft:rabbit":21,"minecraft:creeper":1,"minecraft:squid":1,"minecraft:sheep":2,"minecraft:zombie":6,"minecraft:mooshroom":2},"minecraft:mined":{"minecraft:farmland":1,"gravestone:gravestone":4,"minecraft:grass_block":35,"minecraft:infested_cobblestone":10,"handcrafted:berry_jam_jar":1,"minecraft:potatoes":235,"supplementaries:stick":1,"minecraft:oak_stairs":1,"minecraft:oak_slab":20,"exdeorum:infested_leaves":128,"minecraft:torch":6,"minecraft:chest":1,"minecraft:cobblestone":558,"minecraft:sugar_cane":59,"minecraft:oak_planks":70,"minecraft:wheat":625,"minecraft:torchflower":3,"minecraft:oak_log":899,"minecraft:sand":46,"minecraft:gravel":162,"minecraft:dirt":30,"ironchests:dirt_chest":1,"minecraft:oak_leaves":778},"minecraft:killed_by":{"minecraft:player":1,"minecraft:magma_cube":1},"minecraft:used":{"minecraft:stone_sword":93,"exdeorum:crook":67,"ironchests:dirt_chest":2,"minecraft:stone_hoe":55,"minecraft:stick":1,"minecraft:torch":10,"cyclic:emerald_sword":12,"minecraft:dirt":15,"exdeorum:porcelain_bucket":4,"exdeorum:silk_worm":1,"chancecubes:chance_cube":32,"minecraft:oak_stairs":1,"minecraft:melon_seeds":3,"exdeorum:porcelain_water_bucket":4,"exdeorum:stone_hammer":743,"minecraft:furnace":2,"minecraft:oak_sapling":174,"handcrafted:berry_jam_jar":1,"minecraft:potato":259,"minecraft:wheat_seeds":653,"minecraft:torchflower":4,"minecraft:baked_potato":10,"minecraft:stone_pickaxe":1,"minecraft:oak_planks":214,"mekanismtools:stone_paxel":31,"minecraft:cobblestone_slab":1,"minecraft:sugar_cane":9,"minecraft:cookie":16,"minecraft:sand":110,"minecraft:oak_slab":365,"constructionwand:stone_wand":18,"minecraft:smoker":4,"minecraft:oak_log":5,"exdeorum:dust":46,"exdeorum:oak_barrel":1,"thermal:tin_ore":1,"minecraft:apple":11,"minecraft:bread":3,"minecraft:gravel":652,"minecraft:stone_axe":125,"minecraft:fishing_rod":2,"minecraft:cobblestone":558,"storagedrawers:oak_full_drawers_4":2,"minecraft:cooked_rabbit":21},"minecraft:custom":{"minecraft:mob_kills":46,"minecraft:animals_bred":21,"minecraft:interact_with_crafting_table":38,"minecraft:leave_game":4,"minecraft:time_since_death":77352,"minecraft:opened_chance_cube":31,"minecraft:sprint_one_cm":468434,"minecraft:walk_one_cm":1390881,"minecraft:drop":74,"minecraft:play_time":387606,"minecraft:deaths":7,"minecraft:sneak_time":31724,"minecraft:walk_under_water_one_cm":26462,"minecraft:jump":1168,"minecraft:walk_on_water_one_cm":73308,"minecraft:total_world_time":387606,"minecraft:interact_with_furnace":68,"minecraft:sleep_in_bed":1,"minecraft:time_since_rest":77413,"minecraft:damage_taken":6395,"minecraft:use_wand":93,"minecraft:damage_dealt":4596,"minecraft:swim_one_cm":1824,"minecraft:fly_one_cm":239811,"minecraft:player_kills":8,"minecraft:open_chest":788,"minecraft:crouch_one_cm":77792,"minecraft:interact_with_smoker":30,"minecraft:fall_one_cm":48604},"minecraft:broken":{"constructionwand:stone_wand":1,"exdeorum:stone_hammer":5,"minecraft:stone_axe":1},"minecraft:crafted":{"ironchests:copper_chest":1,"minecraft:oak_planks":616,"minecraft:stone_shovel":1,"minecraft:furnace":10,"minecraft:stone":37,"cookingforblockheads:crafting_book":1,"thermal:tin_ore":32,"storagedrawers:oak_half_drawers_1":1,"minecraft:glass":88,"mekanismtools:wood_paxel":1,"minecraft:leather":2,"cookingforblockheads:recipe_book":1,"minecraft:chest":14,"minecraft:clay_ball":8,"storagedrawers:oak_full_drawers_4":4,"exdeorum:stone_hammer":10,"minecraft:cooked_rabbit":21,"minecraft:smoker":4,"storagedrawers:oak_half_drawers_4":4,"minecraft:oak_slab":414,"minecraft:wooden_shovel":1,"exdeorum:oak_barrel":1,"minecraft:crafting_table":2,"minecraft:baked_potato":278,"minecraft:wooden_pickaxe":1,"storagedrawers:oak_full_drawers_1":1,"minecraft:copper_ingot":18,"minecraft:copper_ore":18,"mekanismtools:stone_paxel":1,"minecraft:bread":21,"minecraft:air":0,"exdeorum:oak_crucible":1,"exdeorum:porcelain_clay_ball":3,"minecraft:cobblestone":288,"minecraft:book":1,"minecraft:charcoal":62,"minecraft:paper":30,"exdeorum:porcelain_bucket":1,"exdeorum:flint_mesh":9,"constructionwand:stone_wand":1,"minecraft:stick":120,"exdeorum:wooden_hammer":1,"minecraft:iron_ingot":11,"minecraft:wooden_axe":1,"minecraft:iron_ore":28,"storagedrawers:oak_full_drawers_2":2,"exdeorum:oak_sieve":1,"woodenbucket:wooden_bucket":3,"minecraft:torch":28,"storagedrawers:oak_half_drawers_2":2,"exdeorum:unfired_porcelain_bucket":1}},"DataVersion":3465}