{"stats":{"minecraft:killed":{"minecraft:rabbit":21,"minecraft:squid":1,"minecraft:zombie":1},"minecraft:crafted":{"minecraft:oak_planks":576,"minecraft:oak_slab":342,"minecraft:wooden_shovel":1,"minecraft:stone_shovel":1,"exdeorum:oak_barrel":1,"minecraft:wooden_pickaxe":1,"storagedrawers:oak_full_drawers_1":1,"minecraft:furnace":2,"mekanismtools:stone_paxel":1,"storagedrawers:oak_half_drawers_1":1,"exdeorum:oak_crucible":1,"mekanismtools:wood_paxel":1,"minecraft:charcoal":35,"minecraft:cobblestone":99,"constructionwand:stone_wand":1,"minecraft:stick":52,"exdeorum:wooden_hammer":1,"minecraft:wooden_axe":1,"minecraft:chest":13,"storagedrawers:oak_full_drawers_2":2,"exdeorum:oak_sieve":1,"woodenbucket:wooden_bucket":3,"minecraft:torch":28,"storagedrawers:oak_full_drawers_4":4,"exdeorum:stone_hammer":2,"minecraft:cooked_rabbit":21,"storagedrawers:oak_half_drawers_2":2,"storagedrawers:oak_half_drawers_4":4},"minecraft:custom":{"minecraft:interact_with_furnace":19,"minecraft:mob_kills":23,"minecraft:interact_with_crafting_table":38,"minecraft:leave_game":1,"minecraft:time_since_death":716,"minecraft:sleep_in_bed":1,"minecraft:opened_chance_cube":21,"minecraft:time_since_rest":850,"minecraft:walk_one_cm":507091,"minecraft:sprint_one_cm":125242,"minecraft:damage_taken":4890,"minecraft:drop":43,"minecraft:damage_dealt":1578,"minecraft:swim_one_cm":1824,"minecraft:player_kills":3,"minecraft:fly_one_cm":91110,"minecraft:open_chest":246,"minecraft:crouch_one_cm":58946,"minecraft:play_time":161675,"minecraft:deaths":4,"minecraft:sneak_time":20677,"minecraft:walk_under_water_one_cm":26462,"minecraft:jump":500,"minecraft:walk_on_water_one_cm":70289,"minecraft:total_world_time":161675,"minecraft:fall_one_cm":41119},"minecraft:dropped":{"minecraft:torchflower":1,"exdeorum:string_mesh":1,"minecraft:oak_planks":47,"chancecubes:chance_cube":1,"mekanismtools:stone_paxel":1,"minecraft:flint":1,"mekanismtools:wood_paxel":1,"minecraft:dirt":1,"storagedrawers:oak_full_drawers_1":1,"woodenbucket:wooden_bucket":2,"minecraft:torch":14,"storagedrawers:oak_full_drawers_2":1,"storagedrawers:oak_half_drawers_2":2,"storagedrawers:oak_half_drawers_1":1,"storagedrawers:oak_half_drawers_4":1,"exdeorum:wooden_hammer":2,"minecraft:dead_bush":193,"exdeorum:crook":1,"storagedrawers:oak_full_drawers_4":1,"minecraft:fishing_rod":1,"exdeorum:stone_hammer":1},"minecraft:picked_up":{"minecraft:fishing_rod":2,"exdeorum:crook":2,"minecraft:enchanting_table":1,"minecraft:diamond_sword":1,"storagedrawers:oak_half_drawers_4":1,"minecraft:flint":3,"minecraft:oak_log":491,"exdeorum:stone_hammer":3,"botania:pebble":1603,"minecraft:string":30,"minecraft:dirt":58,"exdeorum:string_mesh":2,"minecraft:apple":19,"mysticalagriculture:inferium_essence":4,"ftbquests:book":1,"minecraft:rabbit_hide":11,"minecraft:stone_pickaxe":1,"minecraft:rabbit":21,"exdeorum:wooden_hammer":2,"minecraft:oak_planks":184,"minecraft:chest":1,"minecraft:stone_hoe":1,"minecraft:oak_slab":35,"minecraft:stick":86,"minecraft:gravel":95,"minecraft:sand":64,"minecraft:cookie":8,"minecraft:ink_sac":4,"minecraft:dead_bush":1,"minecraft:rabbit_foot":4,"woodenbucket:wooden_bucket":1,"minecraft:stone_sword":2,"minecraft:rotten_flesh":1,"minecraft:diamond":1,"minecraft:tropical_fish":1,"minecraft:stone_axe":1,"storagedrawers:oak_half_drawers_2":2,"minecraft:golden_apple":1,"minecraft:wolf_spawn_egg":1,"minecraft:oak_sapling":137,"minecraft:cod":5,"minecraft:cobblestone":1},"minecraft:mined":{"minecraft:oak_slab":19,"exdeorum:infested_leaves":128,"minecraft:torch":1,"gravestone:gravestone":2,"minecraft:grass_block":35,"minecraft:chest":1,"minecraft:cobblestone":1,"minecraft:oak_planks":70,"minecraft:oak_log":526,"minecraft:gravel":116,"minecraft:dirt":28,"minecraft:oak_leaves":457},"minecraft:broken":{"minecraft:stone_axe":1},"minecraft:used":{"minecraft:stone_sword":55,"minecraft:stone_pickaxe":1,"minecraft:oak_planks":214,"exdeorum:crook":67,"minecraft:stone_hoe":17,"minecraft:torch":2,"minecraft:dirt":5,"minecraft:oak_slab":320,"exdeorum:silk_worm":1,"exdeorum:oak_barrel":1,"minecraft:apple":7,"chancecubes:chance_cube":21,"minecraft:gravel":95,"minecraft:stone_axe":125,"minecraft:fishing_rod":2,"minecraft:cobblestone":1,"storagedrawers:oak_full_drawers_4":2,"exdeorum:stone_hammer":90,"minecraft:oak_sapling":84,"minecraft:furnace":2,"minecraft:cooked_rabbit":11}},"DataVersion":3465}