{"stats":{"minecraft:killed":{"minecraft:squid":1},"minecraft:crafted":{"exdeorum:oak_crucible":1,"minecraft:oak_slab":300,"minecraft:oak_planks":236,"minecraft:cobblestone":62,"exdeorum:oak_barrel":1,"storagedrawers:oak_full_drawers_1":1,"exdeorum:wooden_hammer":1,"minecraft:furnace":2,"exdeorum:oak_sieve":1,"woodenbucket:wooden_bucket":3,"exdeorum:stone_hammer":2},"minecraft:custom":{"minecraft:time_since_rest":17232,"minecraft:interact_with_furnace":1,"minecraft:sprint_one_cm":40109,"minecraft:damage_taken":4490,"minecraft:walk_one_cm":325843,"minecraft:mob_kills":1,"minecraft:drop":26,"minecraft:damage_dealt":169,"minecraft:interact_with_crafting_table":18,"minecraft:fly_one_cm":4163,"minecraft:open_chest":115,"minecraft:crouch_one_cm":54788,"minecraft:play_time":98949,"minecraft:deaths":3,"minecraft:sneak_time":16813,"minecraft:walk_under_water_one_cm":10037,"minecraft:jump":192,"minecraft:time_since_death":17194,"minecraft:walk_on_water_one_cm":12600,"minecraft:total_world_time":98949,"minecraft:fall_one_cm":40217,"minecraft:opened_chance_cube":7},"minecraft:dropped":{"storagedrawers:oak_full_drawers_1":1,"woodenbucket:wooden_bucket":2,"exdeorum:string_mesh":1,"exdeorum:wooden_hammer":2,"exdeorum:crook":1,"minecraft:oak_planks":47,"chancecubes:chance_cube":1,"exdeorum:stone_hammer":1},"minecraft:picked_up":{"exdeorum:crook":2,"minecraft:oak_slab":35,"minecraft:stick":76,"minecraft:oak_log":317,"exdeorum:stone_hammer":1,"minecraft:ink_sac":4,"botania:pebble":351,"minecraft:dirt":56,"minecraft:string":30,"woodenbucket:wooden_bucket":1,"exdeorum:string_mesh":2,"minecraft:stone_sword":1,"minecraft:apple":13,"minecraft:tropical_fish":1,"minecraft:stone_axe":1,"mysticalagriculture:inferium_essence":2,"minecraft:stone_pickaxe":1,"minecraft:oak_sapling":112,"exdeorum:wooden_hammer":2,"minecraft:chest":1,"minecraft:stone_hoe":1,"minecraft:oak_planks":63},"minecraft:mined":{"minecraft:oak_slab":19,"exdeorum:infested_leaves":128,"gravestone:gravestone":1,"minecraft:torch":1,"minecraft:grass_block":35,"minecraft:oak_log":352,"minecraft:chest":1,"minecraft:dirt":28,"minecraft:oak_planks":4,"minecraft:oak_leaves":457},"minecraft:used":{"exdeorum:oak_barrel":1,"minecraft:stone_sword":1,"minecraft:apple":7,"chancecubes:chance_cube":6,"minecraft:oak_planks":29,"exdeorum:crook":67,"minecraft:stone_hoe":17,"minecraft:stone_axe":17,"minecraft:torch":1,"minecraft:dirt":5,"exdeorum:stone_hammer":22,"minecraft:oak_slab":320,"minecraft:furnace":2,"minecraft:oak_sapling":84,"exdeorum:silk_worm":1}},"DataVersion":3465}