{"stats":{"minecraft:killed":{"minecraft:squid":1},"minecraft:crafted":{"minecraft:oak_planks":376,"minecraft:oak_slab":342,"minecraft:wooden_shovel":1,"exdeorum:oak_barrel":1,"minecraft:wooden_pickaxe":1,"storagedrawers:oak_full_drawers_1":1,"minecraft:furnace":2,"storagedrawers:oak_half_drawers_1":1,"exdeorum:oak_crucible":1,"mekanismtools:wood_paxel":1,"minecraft:cobblestone":62,"exdeorum:wooden_hammer":1,"minecraft:wooden_axe":1,"minecraft:chest":13,"storagedrawers:oak_full_drawers_2":2,"exdeorum:oak_sieve":1,"woodenbucket:wooden_bucket":3,"storagedrawers:oak_full_drawers_4":4,"exdeorum:stone_hammer":2,"storagedrawers:oak_half_drawers_2":2,"storagedrawers:oak_half_drawers_4":4},"minecraft:custom":{"minecraft:interact_with_furnace":1,"minecraft:mob_kills":1,"minecraft:interact_with_crafting_table":32,"minecraft:time_since_death":29194,"minecraft:opened_chance_cube":7,"minecraft:time_since_rest":29232,"minecraft:walk_one_cm":340564,"minecraft:sprint_one_cm":41691,"minecraft:damage_taken":4490,"minecraft:drop":33,"minecraft:damage_dealt":169,"minecraft:fly_one_cm":4803,"minecraft:open_chest":140,"minecraft:crouch_one_cm":54858,"minecraft:play_time":110949,"minecraft:deaths":3,"minecraft:sneak_time":16821,"minecraft:walk_under_water_one_cm":10037,"minecraft:jump":194,"minecraft:walk_on_water_one_cm":12600,"minecraft:total_world_time":110949,"minecraft:fall_one_cm":40217},"minecraft:dropped":{"minecraft:torchflower":1,"exdeorum:string_mesh":1,"minecraft:oak_planks":47,"chancecubes:chance_cube":1,"storagedrawers:oak_full_drawers_1":1,"woodenbucket:wooden_bucket":2,"storagedrawers:oak_full_drawers_2":1,"storagedrawers:oak_half_drawers_2":2,"storagedrawers:oak_half_drawers_1":1,"storagedrawers:oak_half_drawers_4":1,"exdeorum:wooden_hammer":2,"exdeorum:crook":1,"storagedrawers:oak_full_drawers_4":1,"exdeorum:stone_hammer":1},"minecraft:picked_up":{"exdeorum:crook":2,"storagedrawers:oak_half_drawers_4":1,"minecraft:oak_log":317,"exdeorum:stone_hammer":1,"botania:pebble":351,"minecraft:string":30,"minecraft:dirt":56,"exdeorum:string_mesh":2,"minecraft:apple":13,"mysticalagriculture:inferium_essence":2,"minecraft:stone_pickaxe":1,"exdeorum:wooden_hammer":2,"minecraft:oak_planks":63,"minecraft:chest":1,"minecraft:stone_hoe":1,"minecraft:oak_slab":35,"minecraft:stick":76,"minecraft:ink_sac":4,"woodenbucket:wooden_bucket":1,"minecraft:stone_sword":1,"minecraft:tropical_fish":1,"minecraft:stone_axe":1,"storagedrawers:oak_half_drawers_2":2,"minecraft:oak_sapling":112},"minecraft:mined":{"minecraft:oak_slab":19,"exdeorum:infested_leaves":128,"minecraft:torch":1,"gravestone:gravestone":1,"minecraft:grass_block":35,"minecraft:chest":1,"minecraft:oak_planks":4,"minecraft:oak_log":352,"minecraft:dirt":28,"minecraft:oak_leaves":457},"minecraft:used":{"minecraft:stone_sword":1,"minecraft:oak_planks":29,"exdeorum:crook":67,"minecraft:stone_hoe":17,"minecraft:torch":1,"minecraft:dirt":5,"minecraft:oak_slab":320,"exdeorum:silk_worm":1,"exdeorum:oak_barrel":1,"minecraft:apple":7,"chancecubes:chance_cube":6,"minecraft:stone_axe":17,"exdeorum:stone_hammer":22,"minecraft:oak_sapling":84,"minecraft:furnace":2}},"DataVersion":3465}