{"stats":{"minecraft:broken":{"exdeorum:stone_hammer":2,"minecraft:stone_axe":1},"minecraft:crafted":{"minecraft:oak_planks":616,"minecraft:stone_shovel":1,"minecraft:furnace":2,"minecraft:stone":37,"storagedrawers:oak_half_drawers_1":1,"minecraft:glass":88,"mekanismtools:wood_paxel":1,"minecraft:chest":13,"minecraft:clay_ball":8,"storagedrawers:oak_full_drawers_4":4,"exdeorum:stone_hammer":2,"minecraft:cooked_rabbit":21,"storagedrawers:oak_half_drawers_4":4,"minecraft:oak_slab":342,"minecraft:wooden_shovel":1,"exdeorum:oak_barrel":1,"minecraft:wooden_pickaxe":1,"storagedrawers:oak_full_drawers_1":1,"mekanismtools:stone_paxel":1,"minecraft:air":0,"exdeorum:oak_crucible":1,"exdeorum:porcelain_clay_ball":3,"minecraft:charcoal":62,"minecraft:cobblestone":229,"exdeorum:porcelain_bucket":1,"exdeorum:flint_mesh":9,"constructionwand:stone_wand":1,"minecraft:stick":52,"exdeorum:wooden_hammer":1,"minecraft:wooden_axe":1,"storagedrawers:oak_full_drawers_2":2,"exdeorum:oak_sieve":1,"woodenbucket:wooden_bucket":3,"minecraft:torch":28,"storagedrawers:oak_half_drawers_2":2,"exdeorum:unfired_porcelain_bucket":1},"minecraft:mined":{"gravestone:gravestone":3,"minecraft:grass_block":35,"minecraft:infested_cobblestone":10,"supplementaries:stick":1,"minecraft:oak_slab":20,"exdeorum:infested_leaves":128,"minecraft:torch":6,"minecraft:chest":1,"minecraft:cobblestone":131,"minecraft:sugar_cane":50,"minecraft:oak_planks":70,"minecraft:torchflower":3,"minecraft:oak_log":899,"minecraft:gravel":162,"minecraft:sand":46,"minecraft:dirt":30,"minecraft:oak_leaves":778,"ironchests:dirt_chest":1},"minecraft:picked_up":{"exdeorum:gold_ore_chunk":5,"exdeorum:porcelain_bucket":1,"minecraft:fishing_rod":2,"botania:cosmetic_thick_eyebrows":2,"exdeorum:dust":46,"minecraft:diamond_sword":1,"storagedrawers:oak_half_drawers_4":1,"exdeorum:iron_ore_chunk":3,"exdeorum:stone_hammer":3,"minecraft:string":30,"exdeorum:granite_pebble":125,"exdeorum:string_mesh":11,"cobblefordays:tier_1":1,"mysticalagriculture:inferium_essence":5,"minecraft:gold_nugget":19,"minecraft:bucket":1,"ironchests:dirt_chest":3,"minecraft:cobblestone_slab":1,"minecraft:iron_nugget":55,"minecraft:iron_pickaxe":1,"exdeorum:wooden_hammer":2,"minecraft:sugar_cane":64,"minecraft:chest":1,"minecraft:stick":140,"minecraft:torch":5,"minecraft:cookie":28,"minecraft:pointed_dripstone":11,"minecraft:redstone":8,"minecraft:rabbit_foot":4,"woodenbucket:wooden_bucket":1,"minecraft:stone_sword":2,"minecraft:rotten_flesh":1,"exdeorum:diorite_pebble":118,"minecraft:tropical_fish":2,"exdeorum:unfired_porcelain_crucible":1,"ae2:certus_quartz_dust":4,"exdeorum:tin_ore_chunk":9,"exdeorum:andesite_pebble":120,"minecraft:wolf_spawn_egg":1,"minecraft:cod":5,"minecraft:blaze_powder":3,"minecraft:cobblestone":1,"exdeorum:osmium_ore_chunk":4,"exdeorum:crook":2,"minecraft:enchanting_table":2,"exdeorum:random_pottery_sherd":1,"minecraft:magma_cream":1,"enderio:grains_of_infinity":11,"minecraft:torchflower":3,"minecraft:flint":48,"minecraft:oak_log":864,"minecraft:gunpowder":6,"botania:pebble":2122,"minecraft:lapis_lazuli":6,"exdeorum:nickel_ore_chunk":3,"minecraft:dirt":60,"ae2:sky_dust":3,"minecraft:apple":28,"exdeorum:stone_pebble":134,"ftbquests:book":1,"minecraft:rabbit_hide":11,"minecraft:iron_ingot":5,"minecraft:stone_pickaxe":1,"minecraft:rabbit":21,"minecraft:glowstone_dust":1,"minecraft:oak_planks":184,"minecraft:stone_hoe":1,"minecraft:oak_slab":36,"exdeorum:lead_ore_chunk":9,"ae2:certus_quartz_crystal":1,"minecraft:gravel":225,"minecraft:sand":137,"minecraft:ink_sac":4,"minecraft:dead_bush":1,"minecraft:diamond_block":2,"exdeorum:silver_ore_chunk":5,"minecraft:diamond":2,"cobblefordays:tier_2":1,"minecraft:stone_axe":1,"storagedrawers:oak_half_drawers_2":2,"minecraft:bone_meal":11,"minecraft:golden_apple":1,"exdeorum:copper_ore_chunk":9,"minecraft:oak_sapling":213,"minecraft:coal":10},"minecraft:killed":{"minecraft:silverfish":3,"minecraft:magma_cube":5,"minecraft:rabbit":21,"minecraft:squid":1,"minecraft:zombie":1},"minecraft:used":{"minecraft:stone_sword":93,"exdeorum:crook":67,"ironchests:dirt_chest":2,"minecraft:stone_hoe":17,"minecraft:stick":1,"minecraft:torch":10,"minecraft:dirt":6,"exdeorum:porcelain_bucket":4,"exdeorum:silk_worm":1,"chancecubes:chance_cube":26,"exdeorum:porcelain_water_bucket":4,"exdeorum:stone_hammer":316,"minecraft:furnace":2,"minecraft:oak_sapling":174,"minecraft:torchflower":4,"minecraft:stone_pickaxe":1,"minecraft:oak_planks":214,"mekanismtools:stone_paxel":5,"minecraft:sugar_cane":9,"minecraft:cobblestone_slab":1,"minecraft:cookie":8,"minecraft:sand":110,"minecraft:oak_slab":324,"exdeorum:dust":46,"minecraft:oak_log":5,"exdeorum:oak_barrel":1,"minecraft:apple":11,"minecraft:gravel":225,"minecraft:stone_axe":125,"minecraft:fishing_rod":2,"minecraft:cobblestone":131,"storagedrawers:oak_full_drawers_4":2,"minecraft:cooked_rabbit":11},"minecraft:dropped":{"minecraft:torchflower":1,"minecraft:iron_ingot":5,"botania:cosmetic_thick_eyebrows":1,"chancecubes:chance_cube":1,"cobblefordays:tier_1":1,"mekanismtools:stone_paxel":1,"minecraft:flint":1,"mekanismtools:wood_paxel":1,"storagedrawers:oak_full_drawers_1":1,"minecraft:dirt":1,"exdeorum:unfired_porcelain_crucible":1,"minecraft:torch":14,"storagedrawers:oak_full_drawers_2":1,"storagedrawers:oak_half_drawers_2":2,"storagedrawers:oak_half_drawers_1":1,"exdeorum:wooden_hammer":2,"minecraft:dead_bush":193,"exdeorum:crook":1,"ironchests:dirt_chest":2,"minecraft:iron_pickaxe":1,"minecraft:fishing_rod":1,"minecraft:bucket":1,"exdeorum:string_mesh":1,"minecraft:oak_planks":47,"cobblefordays:tier_2":1,"woodenbucket:wooden_bucket":2,"exdeorum:porcelain_bucket":1,"storagedrawers:oak_half_drawers_4":1,"storagedrawers:oak_full_drawers_4":1,"minecraft:enchanting_table":1,"exdeorum:stone_hammer":1},"minecraft:custom":{"minecraft:mob_kills":31,"minecraft:interact_with_crafting_table":38,"minecraft:leave_game":2,"minecraft:time_since_death":13352,"minecraft:opened_chance_cube":26,"minecraft:sprint_one_cm":248982,"minecraft:walk_one_cm":804984,"minecraft:drop":58,"minecraft:play_time":249878,"minecraft:deaths":6,"minecraft:sneak_time":26161,"minecraft:walk_under_water_one_cm":26462,"minecraft:jump":712,"minecraft:walk_on_water_one_cm":71809,"minecraft:total_world_time":249878,"minecraft:interact_with_furnace":51,"minecraft:sleep_in_bed":1,"minecraft:time_since_rest":13388,"minecraft:damage_taken":5355,"minecraft:damage_dealt":2532,"minecraft:swim_one_cm":1824,"minecraft:fly_one_cm":131293,"minecraft:player_kills":8,"minecraft:open_chest":440,"minecraft:crouch_one_cm":62781,"minecraft:fall_one_cm":43950},"minecraft:killed_by":{"minecraft:magma_cube":1}},"DataVersion":3465}