{"stats":{"minecraft:broken":{"constructionwand:stone_wand":1,"exdeorum:stone_hammer":4,"minecraft:stone_axe":1},"minecraft:crafted":{"minecraft:oak_planks":616,"minecraft:stone_shovel":1,"minecraft:furnace":2,"minecraft:stone":37,"storagedrawers:oak_half_drawers_1":1,"minecraft:glass":88,"mekanismtools:wood_paxel":1,"minecraft:chest":13,"minecraft:clay_ball":8,"storagedrawers:oak_full_drawers_4":4,"exdeorum:stone_hammer":2,"minecraft:cooked_rabbit":21,"storagedrawers:oak_half_drawers_4":4,"minecraft:oak_slab":342,"minecraft:wooden_shovel":1,"exdeorum:oak_barrel":1,"minecraft:wooden_pickaxe":1,"storagedrawers:oak_full_drawers_1":1,"mekanismtools:stone_paxel":1,"minecraft:air":0,"exdeorum:oak_crucible":1,"exdeorum:porcelain_clay_ball":3,"minecraft:cobblestone":288,"minecraft:charcoal":62,"exdeorum:porcelain_bucket":1,"exdeorum:flint_mesh":9,"constructionwand:stone_wand":1,"minecraft:stick":52,"exdeorum:wooden_hammer":1,"minecraft:wooden_axe":1,"storagedrawers:oak_full_drawers_2":2,"exdeorum:oak_sieve":1,"woodenbucket:wooden_bucket":3,"minecraft:torch":28,"storagedrawers:oak_half_drawers_2":2,"exdeorum:unfired_porcelain_bucket":1},"minecraft:mined":{"gravestone:gravestone":3,"minecraft:grass_block":35,"minecraft:infested_cobblestone":10,"supplementaries:stick":1,"minecraft:oak_slab":20,"exdeorum:infested_leaves":128,"minecraft:torch":6,"minecraft:chest":1,"minecraft:cobblestone":379,"minecraft:sugar_cane":51,"minecraft:oak_planks":70,"minecraft:torchflower":3,"minecraft:oak_log":899,"minecraft:sand":46,"minecraft:gravel":162,"minecraft:dirt":30,"ironchests:dirt_chest":1,"minecraft:oak_leaves":778},"minecraft:picked_up":{"exdeorum:gold_ore_chunk":13,"exdeorum:porcelain_bucket":1,"minecraft:fishing_rod":2,"botania:cosmetic_thick_eyebrows":2,"exdeorum:dust":46,"minecraft:diamond_sword":1,"storagedrawers:oak_half_drawers_4":1,"exdeorum:iron_ore_chunk":24,"exdeorum:stone_hammer":3,"minecraft:string":30,"exdeorum:string_mesh":11,"exdeorum:granite_pebble":375,"mysticalagriculture:inferium_essence":6,"cobblefordays:tier_1":1,"minecraft:gold_nugget":19,"minecraft:bucket":1,"ironchests:dirt_chest":3,"minecraft:cobblestone_slab":1,"minecraft:iron_nugget":190,"minecraft:iron_pickaxe":1,"exdeorum:wooden_hammer":2,"minecraft:sugar_cane":65,"minecraft:chest":1,"minecraft:stick":140,"minecraft:torch":5,"minecraft:cookie":28,"minecraft:pointed_dripstone":40,"minecraft:carrot":1,"minecraft:redstone":8,"minecraft:rabbit_foot":4,"woodenbucket:wooden_bucket":1,"minecraft:stone_sword":2,"minecraft:rotten_flesh":1,"minecraft:tropical_fish":2,"ae2:certus_quartz_dust":4,"exdeorum:unfired_porcelain_crucible":1,"exdeorum:diorite_pebble":405,"exdeorum:tin_ore_chunk":27,"exdeorum:andesite_pebble":434,"minecraft:wolf_spawn_egg":1,"minecraft:cod":5,"minecraft:cobblestone":1,"minecraft:blaze_powder":3,"exdeorum:crook":2,"exdeorum:osmium_ore_chunk":5,"minecraft:enchanting_table":2,"exdeorum:random_pottery_sherd":1,"minecraft:magma_cream":1,"enderio:grains_of_infinity":11,"minecraft:torchflower":3,"minecraft:flint":91,"minecraft:oak_log":864,"minecraft:gunpowder":8,"exdeorum:nickel_ore_chunk":9,"minecraft:dirt":60,"botania:pebble":2358,"minecraft:lapis_lazuli":14,"ae2:sky_dust":3,"minecraft:apple":28,"exdeorum:stone_pebble":449,"ftbquests:book":1,"minecraft:rabbit_hide":11,"minecraft:iron_ingot":5,"minecraft:stone_pickaxe":1,"minecraft:rabbit":21,"minecraft:glowstone_dust":1,"minecraft:stone_hoe":1,"minecraft:oak_planks":184,"minecraft:oak_slab":36,"exdeorum:lead_ore_chunk":23,"ae2:certus_quartz_crystal":1,"minecraft:gravel":473,"minecraft:sand":137,"minecraft:amethyst_shard":4,"minecraft:ink_sac":4,"minecraft:dead_bush":1,"minecraft:diamond_block":2,"exdeorum:silver_ore_chunk":10,"minecraft:slime_ball":2,"exdeorum:aluminum_ore_chunk":12,"minecraft:diamond":9,"minecraft:stone_axe":1,"cobblefordays:tier_2":1,"storagedrawers:oak_half_drawers_2":2,"minecraft:bone_meal":11,"minecraft:golden_apple":1,"exdeorum:copper_ore_chunk":31,"minecraft:emerald":6,"minecraft:oak_sapling":213,"minecraft:coal":37},"minecraft:killed":{"minecraft:slime":2,"minecraft:silverfish":3,"minecraft:magma_cube":5,"minecraft:rabbit":21,"minecraft:creeper":1,"minecraft:squid":1,"minecraft:zombie":1},"minecraft:used":{"minecraft:stone_sword":93,"exdeorum:crook":67,"ironchests:dirt_chest":2,"minecraft:stone_hoe":17,"minecraft:stick":1,"minecraft:torch":10,"minecraft:dirt":7,"exdeorum:porcelain_bucket":4,"exdeorum:silk_worm":1,"chancecubes:chance_cube":26,"exdeorum:porcelain_water_bucket":4,"exdeorum:stone_hammer":564,"minecraft:oak_sapling":174,"minecraft:furnace":2,"minecraft:torchflower":4,"minecraft:stone_pickaxe":1,"minecraft:oak_planks":214,"mekanismtools:stone_paxel":10,"minecraft:sugar_cane":9,"minecraft:cobblestone_slab":1,"minecraft:cookie":8,"minecraft:sand":110,"minecraft:oak_slab":324,"constructionwand:stone_wand":18,"minecraft:oak_log":5,"exdeorum:dust":46,"exdeorum:oak_barrel":1,"minecraft:apple":11,"minecraft:gravel":473,"minecraft:stone_axe":125,"minecraft:fishing_rod":2,"minecraft:cobblestone":380,"storagedrawers:oak_full_drawers_4":2,"minecraft:cooked_rabbit":14},"minecraft:dropped":{"minecraft:torchflower":1,"minecraft:iron_ingot":5,"botania:cosmetic_thick_eyebrows":1,"chancecubes:chance_cube":1,"cobblefordays:tier_1":1,"mekanismtools:stone_paxel":1,"minecraft:flint":1,"mekanismtools:wood_paxel":1,"storagedrawers:oak_full_drawers_1":1,"minecraft:dirt":1,"exdeorum:unfired_porcelain_crucible":1,"minecraft:torch":14,"storagedrawers:oak_full_drawers_2":1,"storagedrawers:oak_half_drawers_2":2,"storagedrawers:oak_half_drawers_1":1,"exdeorum:wooden_hammer":2,"minecraft:dead_bush":193,"exdeorum:crook":1,"ironchests:dirt_chest":2,"minecraft:iron_pickaxe":1,"minecraft:fishing_rod":1,"minecraft:bucket":1,"exdeorum:string_mesh":1,"minecraft:oak_planks":47,"cobblefordays:tier_2":1,"woodenbucket:wooden_bucket":2,"exdeorum:porcelain_bucket":1,"storagedrawers:oak_half_drawers_4":1,"minecraft:slime_ball":1,"storagedrawers:oak_full_drawers_4":1,"minecraft:enchanting_table":1,"exdeorum:stone_hammer":1},"minecraft:custom":{"minecraft:mob_kills":34,"minecraft:interact_with_crafting_table":38,"minecraft:leave_game":2,"minecraft:time_since_death":32035,"minecraft:opened_chance_cube":26,"minecraft:sprint_one_cm":278325,"minecraft:walk_one_cm":870922,"minecraft:drop":59,"minecraft:play_time":268561,"minecraft:deaths":6,"minecraft:sneak_time":27608,"minecraft:walk_under_water_one_cm":26462,"minecraft:jump":788,"minecraft:walk_on_water_one_cm":71987,"minecraft:total_world_time":268561,"minecraft:interact_with_furnace":51,"minecraft:sleep_in_bed":1,"minecraft:time_since_rest":32071,"minecraft:damage_taken":5365,"minecraft:use_wand":93,"minecraft:damage_dealt":2832,"minecraft:swim_one_cm":1824,"minecraft:fly_one_cm":148167,"minecraft:player_kills":8,"minecraft:open_chest":481,"minecraft:crouch_one_cm":63010,"minecraft:fall_one_cm":44960},"minecraft:killed_by":{"minecraft:magma_cube":1}},"DataVersion":3465}