{"stats":{"minecraft:crafted":{"minecraft:oak_planks":32},"minecraft:custom":{"minecraft:time_since_rest":14949,"minecraft:crouch_one_cm":12824,"minecraft:sprint_one_cm":192,"minecraft:play_time":14949,"minecraft:damage_taken":10,"minecraft:walk_one_cm":7521,"minecraft:sneak_time":4232,"minecraft:drop":14,"minecraft:jump":3,"minecraft:damage_dealt":10,"minecraft:time_since_death":14949,"minecraft:total_world_time":14949,"minecraft:fly_one_cm":40,"minecraft:opened_chance_cube":2},"minecraft:dropped":{"minecraft:oak_planks":44},"minecraft:picked_up":{"minecraft:oak_slab":2,"minecraft:tropical_fish":1,"minecraft:oak_log":8,"minecraft:oak_sapling":1,"minecraft:oak_planks":28,"minecraft:dirt":5},"minecraft:mined":{"minecraft:oak_slab":2,"minecraft:grass_block":1,"minecraft:dirt":1,"minecraft:oak_leaves":5,"minecraft:torch":1},"minecraft:used":{"minecraft:dirt":5,"chancecubes:chance_cube":1,"minecraft:oak_sapling":1}},"DataVersion":3465}