{"stats":{"minecraft:killed":{"minecraft:squid":1},"minecraft:crafted":{"exdeorum:oak_crucible":1,"minecraft:oak_slab":300,"minecraft:oak_planks":236,"minecraft:cobblestone":62,"exdeorum:oak_barrel":1,"exdeorum:wooden_hammer":1,"minecraft:furnace":2,"exdeorum:oak_sieve":1,"woodenbucket:wooden_bucket":3,"exdeorum:stone_hammer":2},"minecraft:custom":{"minecraft:time_since_rest":5232,"minecraft:interact_with_furnace":1,"minecraft:sprint_one_cm":35592,"minecraft:damage_taken":4490,"minecraft:walk_one_cm":308348,"minecraft:mob_kills":1,"minecraft:drop":25,"minecraft:damage_dealt":169,"minecraft:interact_with_crafting_table":17,"minecraft:fly_one_cm":3828,"minecraft:open_chest":96,"minecraft:crouch_one_cm":43644,"minecraft:play_time":86949,"minecraft:deaths":3,"minecraft:sneak_time":12821,"minecraft:walk_under_water_one_cm":738,"minecraft:jump":176,"minecraft:time_since_death":5194,"minecraft:walk_on_water_one_cm":9862,"minecraft:total_world_time":86949,"minecraft:fall_one_cm":39673,"minecraft:opened_chance_cube":7},"minecraft:dropped":{"woodenbucket:wooden_bucket":2,"exdeorum:string_mesh":1,"exdeorum:wooden_hammer":2,"exdeorum:crook":1,"minecraft:oak_planks":47,"chancecubes:chance_cube":1,"exdeorum:stone_hammer":1},"minecraft:picked_up":{"exdeorum:crook":2,"minecraft:oak_slab":32,"minecraft:stick":76,"minecraft:oak_log":317,"exdeorum:stone_hammer":1,"minecraft:ink_sac":4,"botania:pebble":351,"minecraft:dirt":8,"minecraft:string":30,"woodenbucket:wooden_bucket":1,"exdeorum:string_mesh":2,"minecraft:stone_sword":1,"minecraft:apple":13,"minecraft:tropical_fish":1,"minecraft:stone_axe":1,"mysticalagriculture:inferium_essence":2,"minecraft:stone_pickaxe":1,"minecraft:oak_sapling":112,"exdeorum:wooden_hammer":2,"minecraft:stone_hoe":1,"minecraft:oak_planks":63},"minecraft:mined":{"minecraft:oak_slab":16,"exdeorum:infested_leaves":128,"gravestone:gravestone":1,"minecraft:torch":1,"minecraft:grass_block":4,"minecraft:oak_log":352,"minecraft:dirt":1,"minecraft:oak_planks":4,"minecraft:oak_leaves":457},"minecraft:used":{"exdeorum:oak_barrel":1,"minecraft:stone_sword":1,"minecraft:apple":7,"chancecubes:chance_cube":6,"minecraft:oak_planks":29,"exdeorum:crook":67,"minecraft:stone_axe":13,"minecraft:torch":1,"minecraft:dirt":5,"exdeorum:stone_hammer":22,"minecraft:oak_slab":291,"minecraft:furnace":2,"minecraft:oak_sapling":84,"exdeorum:silk_worm":1}},"DataVersion":3465}