{"stats":{"minecraft:crafted":{"minecraft:oak_planks":48,"exdeorum:oak_barrel":1,"exdeorum:oak_crucible":1,"exdeorum:oak_sieve":1},"minecraft:custom":{"minecraft:open_chest":9,"minecraft:time_since_rest":26949,"minecraft:crouch_one_cm":13913,"minecraft:sprint_one_cm":251,"minecraft:play_time":26949,"minecraft:damage_taken":30,"minecraft:walk_one_cm":41172,"minecraft:sneak_time":4778,"minecraft:drop":15,"minecraft:jump":4,"minecraft:damage_dealt":10,"minecraft:walk_on_water_one_cm":233,"minecraft:time_since_death":26949,"minecraft:total_world_time":26949,"minecraft:interact_with_crafting_table":4,"minecraft:fly_one_cm":40,"minecraft:opened_chance_cube":2},"minecraft:dropped":{"minecraft:oak_planks":44,"exdeorum:crook":1},"minecraft:picked_up":{"exdeorum:crook":2,"minecraft:stick":44,"minecraft:oak_slab":2,"minecraft:apple":10,"minecraft:tropical_fish":1,"minecraft:oak_log":121,"minecraft:oak_sapling":67,"minecraft:oak_planks":56,"minecraft:dirt":5},"minecraft:mined":{"minecraft:oak_log":156,"minecraft:oak_slab":2,"minecraft:grass_block":1,"minecraft:dirt":1,"minecraft:oak_leaves":8,"minecraft:torch":1},"minecraft:used":{"minecraft:apple":1,"minecraft:dirt":5,"chancecubes:chance_cube":1,"minecraft:oak_sapling":22}},"DataVersion":3465}