{"stats":{"minecraft:crafted":{"exdeorum:oak_crucible":1,"minecraft:oak_slab":240,"minecraft:oak_planks":236,"exdeorum:oak_barrel":1,"exdeorum:wooden_hammer":1,"exdeorum:oak_sieve":1,"woodenbucket:wooden_bucket":1},"minecraft:custom":{"minecraft:time_since_rest":9723,"minecraft:sprint_one_cm":11528,"minecraft:damage_taken":4280,"minecraft:walk_one_cm":219611,"minecraft:drop":23,"minecraft:damage_dealt":10,"minecraft:interact_with_crafting_table":11,"minecraft:fly_one_cm":808,"minecraft:open_chest":45,"minecraft:crouch_one_cm":39502,"minecraft:play_time":62949,"minecraft:deaths":2,"minecraft:sneak_time":11081,"minecraft:jump":110,"minecraft:time_since_death":9697,"minecraft:walk_on_water_one_cm":909,"minecraft:total_world_time":62949,"minecraft:fall_one_cm":38653,"minecraft:opened_chance_cube":5},"minecraft:dropped":{"woodenbucket:wooden_bucket":1,"exdeorum:string_mesh":1,"exdeorum:wooden_hammer":2,"exdeorum:crook":1,"minecraft:oak_planks":47,"chancecubes:chance_cube":1},"minecraft:picked_up":{"exdeorum:crook":2,"minecraft:oak_slab":2,"minecraft:stick":76,"minecraft:oak_log":317,"minecraft:dirt":5,"minecraft:string":30,"woodenbucket:wooden_bucket":1,"exdeorum:string_mesh":2,"minecraft:apple":13,"minecraft:tropical_fish":1,"minecraft:oak_sapling":112,"exdeorum:wooden_hammer":2,"minecraft:oak_planks":63},"minecraft:mined":{"minecraft:oak_slab":2,"exdeorum:infested_leaves":128,"gravestone:gravestone":1,"minecraft:torch":1,"minecraft:grass_block":1,"minecraft:oak_log":352,"minecraft:dirt":1,"minecraft:oak_planks":4,"minecraft:oak_leaves":456},"minecraft:used":{"exdeorum:oak_barrel":1,"minecraft:apple":7,"chancecubes:chance_cube":4,"minecraft:oak_planks":17,"exdeorum:crook":67,"minecraft:torch":1,"minecraft:dirt":5,"minecraft:oak_slab":242,"minecraft:oak_sapling":63,"exdeorum:silk_worm":1}},"DataVersion":3465}