{
  "storagedrawers:recipes/storagedrawers/one_stack_upgrade": {
    "criteria": {
      "has_template": "2024-07-26 02:33:19 +0000"
    },
    "done": true
  },
  "undergarden:undergarden/root": {
    "criteria": {
      "tick": "2024-07-26 02:33:19 +0000"
    },
    "done": true
  },
  "ae2wtlib:recipes/wireless_universal_terminal/upgrade_pattern_access": {
    "criteria": {
      "has_wit": "2024-07-26 02:33:19 +0000"
    },
    "done": true
  },
  "minecraft:recipes/decorations/crafting_table": {
    "criteria": {
      "unlock_right_away": "2024-07-26 02:33:19 +0000"
    },
    "done": true
  },
  "storagedrawers:recipes/storagedrawers/illumination_upgrade": {
    "criteria": {
      "has_template": "2024-07-26 02:33:19 +0000"
    },
    "done": true
  },
  "mekanism:root": {
    "criteria": {
      "automatic": "2024-07-26 02:33:19 +0000"
    },
    "done": true
  },
  "toms_storage:unlock_netherite": {
    "criteria": {
      "inv_changed-netherite": "2024-07-26 02:33:19 +0000"
    },
    "done": true
  },
  "toms_storage:unlock_chest": {
    "criteria": {
      "inv_changed-chest": "2024-07-26 02:33:19 +0000"
    },
    "done": true
  },
  "storagedrawers:recipes/storagedrawers/acacia_trim": {
    "criteria": {
      "has_planks": "2024-07-26 02:33:19 +0000"
    },
    "done": true
  },
  "ae2wtlib:recipes/wireless_universal_terminal/upgrade_crafting": {
    "criteria": {
      "has_wct": "2024-07-26 02:33:19 +0000"
    },
    "done": true
  },
  "storagedrawers:recipes/storagedrawers/concealment_key": {
    "criteria": {
      "has_template": "2024-07-26 02:33:19 +0000"
    },
    "done": true
  },
  "ae2wtlib:recipes/wireless_pattern_access_terminal": {
    "criteria": {
      "has_wt": "2024-07-26 02:33:19 +0000"
    },
    "done": true
  },
  "torcherino:recipes/compressed_lanterino": {
    "criteria": {
      "has_compressed_torcherino": "2024-07-26 02:33:19 +0000"
    },
    "done": true
  },
  "storagedrawers:recipes/storagedrawers/gold_storage_upgrade": {
    "criteria": {
      "has_template": "2024-07-26 02:33:19 +0000"
    },
    "done": true
  },
  "torcherino:recipes/compressed_lantern": {
    "criteria": {
      "has_compressed_torcherino": "2024-07-26 02:33:19 +0000"
    },
    "done": true
  },
  "toolleveling:recipes/tool_leveling_table": {
    "criteria": {
      "has_enchanting_table": "2024-07-26 02:33:19 +0000"
    },
    "done": true
  },
  "storagedrawers:recipes/storagedrawers/birch_trim": {
    "criteria": {
      "has_planks": "2024-07-26 02:33:19 +0000"
    },
    "done": true
  },
  "storagedrawers:recipes/storagedrawers/void_upgrade": {
    "criteria": {
      "has_template": "2024-07-26 02:33:19 +0000"
    },
    "done": true
  },
  "storagedrawers:recipes/storagedrawers/fill_level_upgrade": {
    "criteria": {
      "has_template": "2024-07-26 02:33:19 +0000"
    },
    "done": true
  },
  "ae2wtlib:recipes/wireless_pattern_encoding_terminal": {
    "criteria": {
      "has_wt": "2024-07-26 02:33:19 +0000"
    },
    "done": true
  },
  "torcherino:recipes/lanterino": {
    "criteria": {
      "has_torcherino": "2024-07-26 02:33:19 +0000"
    },
    "done": true
  },
  "usefulslime:recipes/jello": {
    "criteria": {
      "has_slime": "2024-07-26 02:33:19 +0000"
    },
    "done": true
  },
  "usefulslime:recipes/slime_boots": {
    "criteria": {
      "has_slime": "2024-07-26 02:33:19 +0000"
    },
    "done": true
  },
  "storagedrawers:recipes/storagedrawers/oak_trim": {
    "criteria": {
      "has_planks": "2024-07-26 02:33:19 +0000"
    },
    "done": true
  },
  "toms_storage:unlock_dia_pearl": {
    "criteria": {
      "inv_changed-ender_pearl": "2024-07-26 02:33:19 +0000",
      "inv_changed-diamond": "2024-07-26 02:33:19 +0000"
    },
    "done": true
  },
  "storagedrawers:recipes/storagedrawers/emerald_storage_upgrade": {
    "criteria": {
      "has_template": "2024-07-26 02:33:19 +0000"
    },
    "done": true
  },
  "storagedrawers:recipes/storagedrawers/obsidian_storage_upgrade": {
    "criteria": {
      "has_template": "2024-07-26 02:33:19 +0000"
    },
    "done": true
  },
  "storagedrawers:recipes/storagedrawers/iron_storage_upgrade": {
    "criteria": {
      "has_template": "2024-07-26 02:33:19 +0000"
    },
    "done": true
  },
  "torcherino:recipes/double_compressed_lantern": {
    "criteria": {
      "has_double_compressed_torcherino": "2024-07-26 02:33:19 +0000"
    },
    "done": true
  },
  "toms_storage:unlock_glowstone": {
    "criteria": {
      "inv_changed-glowstone": "2024-07-26 02:33:19 +0000"
    },
    "done": true
  },
  "ae2wtlib:recipes/magnet_card": {
    "criteria": {
      "has_wct": "2024-07-26 02:33:19 +0000"
    },
    "done": true
  },
  "storagedrawers:recipes/storagedrawers/diamond_storage_upgrade": {
    "criteria": {
      "has_template": "2024-07-26 02:33:19 +0000"
    },
    "done": true
  },
  "usefulslime:recipes/slime_sling": {
    "criteria": {
      "has_slime": "2024-07-26 02:33:19 +0000"
    },
    "done": true
  },
  "torcherino:recipes/double_compressed_lanterino": {
    "criteria": {
      "has_double_compressed_torcherino": "2024-07-26 02:33:19 +0000"
    },
    "done": true
  },
  "storagedrawers:recipes/storagedrawers/crimson_trim": {
    "criteria": {
      "has_planks": "2024-07-26 02:33:19 +0000"
    },
    "done": true
  },
  "incendium:technical/new_player": {
    "criteria": {
      "requirement": "2024-07-26 02:33:19 +0000"
    },
    "done": true
  },
  "torcherino:recipes/torcherino": {
    "criteria": {
      "has_torch": "2024-07-26 02:33:19 +0000"
    },
    "done": true
  },
  "ae2wtlib:recipes/wireless_universal_terminal/upgrade_pattern_encoding": {
    "criteria": {
      "has_wpt": "2024-07-26 02:33:19 +0000"
    },
    "done": true
  },
  "ae2wtlib:recipes/wireless_universal_terminal/ce": {
    "criteria": {
      "has_wpt": "2024-07-26 02:33:19 +0000",
      "has_wct": "2024-07-26 02:33:19 +0000"
    },
    "done": true
  },
  "ae2wtlib:recipes/wireless_universal_terminal/ca": {
    "criteria": {
      "has_wit": "2024-07-26 02:33:19 +0000",
      "has_wct": "2024-07-26 02:33:19 +0000"
    },
    "done": true
  },
  "ae2wtlib:recipes/wireless_universal_terminal/ae": {
    "criteria": {
      "has_wit": "2024-07-26 02:33:19 +0000",
      "has_wpt": "2024-07-26 02:33:19 +0000"
    },
    "done": true
  },
  "torcherino:recipes/lantern": {
    "criteria": {
      "has_torcherino": "2024-07-26 02:33:19 +0000"
    },
    "done": true
  },
  "torcherino:recipes/double_compressed_torcherino_to_compressed": {
    "criteria": {
      "has_double_compressed_torcherino": "2024-07-26 02:33:19 +0000"
    },
    "done": true
  },
  "storagedrawers:recipes/storagedrawers/drawer_key": {
    "criteria": {
      "has_template": "2024-07-26 02:33:19 +0000"
    },
    "done": true
  },
  "storagedrawers:recipes/storagedrawers/min_redstone_upgrade": {
    "criteria": {
      "has_template": "2024-07-26 02:33:19 +0000"
    },
    "done": true
  },
  "exdeorum:core/root": {
    "criteria": {
      "in_void_world": "2024-07-26 02:33:19 +0000"
    },
    "done": true
  },
  "ae2wtlib:recipes/quantum_bridge_card": {
    "criteria": {
      "has_wit": "2024-07-26 02:33:19 +0000",
      "has_wpt": "2024-07-26 02:33:19 +0000",
      "has_wct": "2024-07-26 02:33:19 +0000"
    },
    "done": true
  },
  "storagedrawers:recipes/storagedrawers/warped_trim": {
    "criteria": {
      "has_planks": "2024-07-26 02:33:19 +0000"
    },
    "done": true
  },
  "storagedrawers:recipes/storagedrawers/jungle_trim": {
    "criteria": {
      "has_planks": "2024-07-26 02:33:19 +0000"
    },
    "done": true
  },
  "storagedrawers:recipes/storagedrawers/max_redstone_upgrade": {
    "criteria": {
      "has_template": "2024-07-26 02:33:19 +0000"
    },
    "done": true
  },
  "lootr:root": {
    "criteria": {
      "always_true": "2024-07-26 02:33:19 +0000"
    },
    "done": true
  },
  "torcherino:recipes/compressed_torcherino_to_single": {
    "criteria": {
      "has_compressed_torcherino": "2024-07-26 02:33:19 +0000"
    },
    "done": true
  },
  "storagedrawers:recipes/storagedrawers/redstone_upgrade": {
    "criteria": {
      "has_template": "2024-07-26 02:33:19 +0000"
    },
    "done": true
  },
  "storagedrawers:recipes/storagedrawers/spruce_trim": {
    "criteria": {
      "has_planks": "2024-07-26 02:33:19 +0000"
    },
    "done": true
  },
  "torcherino:recipes/compressed_torcherino": {
    "criteria": {
      "has_torcherino": "2024-07-26 02:33:19 +0000"
    },
    "done": true
  },
  "storagedrawers:recipes/storagedrawers/quantify_key": {
    "criteria": {
      "has_template": "2024-07-26 02:33:19 +0000"
    },
    "done": true
  },
  "storagedrawers:recipes/storagedrawers/dark_oak_trim": {
    "criteria": {
      "has_planks": "2024-07-26 02:33:19 +0000"
    },
    "done": true
  },
  "torcherino:recipes/double_compressed_torcherino": {
    "criteria": {
      "has_compressed_torcherino": "2024-07-26 02:33:19 +0000"
    },
    "done": true
  },
  "incendium:technical/using/ragnarok": {
    "criteria": {
      "log_spam_fixer": "2024-07-26 02:33:20 +0000"
    },
    "done": false
  },
  "incendium:technical/using/shield": {
    "criteria": {
      "log_spam_fixer": "2024-07-26 02:33:20 +0000"
    },
    "done": false
  },
  "incendium:technical/scroll_of_returning": {
    "criteria": {
      "log_spam_fixer": "2024-07-26 02:33:20 +0000"
    },
    "done": false
  },
  "incendium:technical/using/trailblazer": {
    "criteria": {
      "log_spam_fixer": "2024-07-26 02:33:20 +0000"
    },
    "done": false
  },
  "minecraft:adventure/adventuring_time": {
    "criteria": {
      "minecraft:river": "2024-07-26 04:04:25 +0000",
      "minecraft:plains": "2024-07-26 02:33:20 +0000"
    },
    "done": false
  },
  "supplementaries:recipes/flower_box": {
    "criteria": {
      "has_dirt": "2024-07-26 02:33:48 +0000"
    },
    "done": true
  },
  "botania:recipes/tools/lexicon": {
    "criteria": {
      "has_item": "2024-07-26 02:36:26 +0000"
    },
    "done": true
  },
  "undergarden:recipes/decorations/gloom_o_lantern": {
    "criteria": {
      "has_torch": "2024-07-26 02:36:27 +0000"
    },
    "done": true
  },
  "naturescompass:natures_compass_sapling": {
    "criteria": {
      "has_sapling": "2024-07-26 02:36:27 +0000"
    },
    "done": true
  },
  "supplementaries:recipes/sconce": {
    "criteria": {
      "has_torch": "2024-07-26 02:36:27 +0000"
    },
    "done": true
  },
  "woodenbucket:recipes/misc/wooden_bucket": {
    "criteria": {
      "has_log": "2024-07-26 02:38:02 +0000"
    },
    "done": true
  },
  "mining_dimension:recipes/decorations/teleporter": {
    "criteria": {
      "has_log": "2024-07-26 02:38:02 +0000"
    },
    "done": true
  },
  "minecraft:recipes/building_blocks/oak_planks": {
    "criteria": {
      "has_logs": "2024-07-26 02:38:02 +0000"
    },
    "done": true
  },
  "exdeorum:recipes/misc/oak_compressed_sieve": {
    "criteria": {
      "has_item": "2024-07-26 02:38:02 +0000"
    },
    "done": true
  },
  "minecraft:recipes/misc/charcoal": {
    "criteria": {
      "has_log": "2024-07-26 02:38:02 +0000"
    },
    "done": true
  },
  "naturescompass:natures_compass_log": {
    "criteria": {
      "has_log": "2024-07-26 02:38:02 +0000"
    },
    "done": true
  },
  "minecraft:recipes/building_blocks/oak_wood": {
    "criteria": {
      "has_log": "2024-07-26 02:38:02 +0000"
    },
    "done": true
  },
  "enderio:recipes/misc/stick": {
    "criteria": {
      "has_ingredient": "2024-07-26 02:38:02 +0000"
    },
    "done": true
  },
  "aether:recipes/transportation/skyroot_boat": {
    "criteria": {
      "in_water": "2024-07-26 02:42:29 +0000"
    },
    "done": true
  },
  "undergarden:recipes/transportation/grongle_boat": {
    "criteria": {
      "in_water": "2024-07-26 02:42:29 +0000"
    },
    "done": true
  },
  "minecraft:recipes/transportation/cherry_boat": {
    "criteria": {
      "in_water": "2024-07-26 02:42:29 +0000"
    },
    "done": true
  },
  "minecraft:recipes/transportation/acacia_boat": {
    "criteria": {
      "in_water": "2024-07-26 02:42:29 +0000"
    },
    "done": true
  },
  "minecraft:recipes/transportation/jungle_boat": {
    "criteria": {
      "in_water": "2024-07-26 02:42:29 +0000"
    },
    "done": true
  },
  "twilightforest:recipes/transportation/mining_boat": {
    "criteria": {
      "in_water": "2024-07-26 02:42:29 +0000"
    },
    "done": true
  },
  "twilightforest:recipes/transportation/mangrove_boat": {
    "criteria": {
      "in_water": "2024-07-26 02:42:29 +0000"
    },
    "done": true
  },
  "minecraft:recipes/transportation/spruce_boat": {
    "criteria": {
      "in_water": "2024-07-26 02:42:29 +0000"
    },
    "done": true
  },
  "minecraft:recipes/transportation/mangrove_boat": {
    "criteria": {
      "in_water": "2024-07-26 02:42:29 +0000"
    },
    "done": true
  },
  "twilightforest:recipes/transportation/canopy_boat": {
    "criteria": {
      "in_water": "2024-07-26 02:42:29 +0000"
    },
    "done": true
  },
  "undergarden:recipes/transportation/smogstem_boat": {
    "criteria": {
      "in_water": "2024-07-26 02:42:29 +0000"
    },
    "done": true
  },
  "twilightforest:recipes/transportation/sorting_boat": {
    "criteria": {
      "in_water": "2024-07-26 02:42:29 +0000"
    },
    "done": true
  },
  "minecraft:recipes/transportation/dark_oak_boat": {
    "criteria": {
      "in_water": "2024-07-26 02:42:29 +0000"
    },
    "done": true
  },
  "minecraft:recipes/transportation/bamboo_raft": {
    "criteria": {
      "in_water": "2024-07-26 02:42:29 +0000"
    },
    "done": true
  },
  "twilightforest:recipes/transportation/twilight_oak_boat": {
    "criteria": {
      "in_water": "2024-07-26 02:42:29 +0000"
    },
    "done": true
  },
  "twilightforest:recipes/transportation/time_boat": {
    "criteria": {
      "in_water": "2024-07-26 02:42:29 +0000"
    },
    "done": true
  },
  "twilightforest:recipes/transportation/transformation_boat": {
    "criteria": {
      "in_water": "2024-07-26 02:42:29 +0000"
    },
    "done": true
  },
  "minecraft:recipes/transportation/birch_boat": {
    "criteria": {
      "in_water": "2024-07-26 02:42:29 +0000"
    },
    "done": true
  },
  "minecraft:recipes/transportation/oak_boat": {
    "criteria": {
      "in_water": "2024-07-26 02:42:29 +0000"
    },
    "done": true
  },
  "undergarden:recipes/transportation/wigglewood_boat": {
    "criteria": {
      "in_water": "2024-07-26 02:42:29 +0000"
    },
    "done": true
  },
  "twilightforest:recipes/transportation/dark_boat": {
    "criteria": {
      "in_water": "2024-07-26 02:42:29 +0000"
    },
    "done": true
  },
  "aether:recipes/decorations/skyroot_barrel": {
    "criteria": {
      "has_slabs": "2024-07-26 02:42:42 +0000"
    },
    "done": true
  },
  "slabmachines:recipes/misc/crafting_table_slab": {
    "criteria": {
      "has_wooden_slab": "2024-07-26 02:42:42 +0000"
    },
    "done": true
  },
  "handcrafted:recipes/misc/wood_cup": {
    "criteria": {
      "has_wood_cup": "2024-07-26 02:42:42 +0000"
    },
    "done": true
  },
  "minecraft:recipes/decorations/composter": {
    "criteria": {
      "has_wood_slab": "2024-07-26 02:42:42 +0000"
    },
    "done": true
  },
  "supplementaries:recipes/bamboo_spikes": {
    "criteria": {
      "minecraft:wooden_slabs": "2024-07-26 02:42:42 +0000"
    },
    "done": true
  },
  "slabmachines:recipes/misc/chest_slab": {
    "criteria": {
      "has_wooden_slab": "2024-07-26 02:42:42 +0000"
    },
    "done": true
  },
  "supplementaries:recipes/blackboard": {
    "criteria": {
      "minecraft:wooden_slabs": "2024-07-26 02:42:42 +0000"
    },
    "done": true
  },
  "exdeorum:recipes/misc/oak_crucible": {
    "criteria": {
      "has_item": "2024-07-26 02:42:42 +0000"
    },
    "done": true
  },
  "supplementaries:recipes/cage": {
    "criteria": {
      "minecraft:wooden_slabs": "2024-07-26 02:42:42 +0000"
    },
    "done": true
  },
  "exdeorum:recipes/misc/oak_barrel": {
    "criteria": {
      "has_item": "2024-07-26 02:42:42 +0000"
    },
    "done": true
  },
  "supplementaries:recipes/item_shelf": {
    "criteria": {
      "minecraft:wooden_slabs": "2024-07-26 02:42:42 +0000"
    },
    "done": true
  },
  "minecraft:recipes/decorations/barrel": {
    "criteria": {
      "has_wood_slab": "2024-07-26 02:42:42 +0000"
    },
    "done": true
  },
  "twilightforest:recipes/decorations/wood/oak_banister": {
    "criteria": {
      "has_item": "2024-07-26 02:42:42 +0000"
    },
    "done": true
  },
  "supplementaries:recipes/bellows": {
    "criteria": {
      "minecraft:wooden_slabs": "2024-07-26 02:42:42 +0000"
    },
    "done": true
  },
  "supplementaries:recipes/jar": {
    "criteria": {
      "minecraft:wooden_slabs": "2024-07-26 02:42:42 +0000"
    },
    "done": true
  },
  "supplementaries:recipes/pulley": {
    "criteria": {
      "minecraft:wooden_slabs": "2024-07-26 02:42:42 +0000"
    },
    "done": true
  },
  "handcrafted:recipes/misc/wood_bowl": {
    "criteria": {
      "has_wood_bowl": "2024-07-26 02:42:42 +0000"
    },
    "done": true
  },
  "handcrafted:recipes/misc/wood_plate": {
    "criteria": {
      "has_wood_plate": "2024-07-26 02:42:42 +0000"
    },
    "done": true
  },
  "minecraft:recipes/misc/stick": {
    "criteria": {
      "has_planks": "2024-07-26 02:43:32 +0000"
    },
    "done": true
  },
  "handcrafted:recipes/misc/oak_drawer": {
    "criteria": {
      "has_oak_drawer": "2024-07-26 02:43:32 +0000"
    },
    "done": true
  },
  "handcrafted:recipes/misc/oak_shelf": {
    "criteria": {
      "has_oak_shelf": "2024-07-26 02:43:32 +0000"
    },
    "done": true
  },
  "handcrafted:recipes/misc/bear_trophy": {
    "criteria": {
      "has_bear_trophy": "2024-07-26 02:43:32 +0000"
    },
    "done": true
  },
  "framedblocks:recipes/building_blocks/framed_cube": {
    "criteria": {
      "hasPlanks": "2024-07-26 02:43:32 +0000"
    },
    "done": true
  },
  "minecraft:recipes/building_blocks/oak_slab": {
    "criteria": {
      "has_planks": "2024-07-26 02:43:32 +0000"
    },
    "done": true
  },
  "minecraft:recipes/redstone/oak_door": {
    "criteria": {
      "has_planks": "2024-07-26 02:43:32 +0000"
    },
    "done": true
  },
  "handcrafted:recipes/misc/goat_trophy": {
    "criteria": {
      "has_goat_trophy": "2024-07-26 02:43:32 +0000"
    },
    "done": true
  },
  "supplementaries:recipes/turn_table": {
    "criteria": {
      "minecraft:planks": "2024-07-26 02:43:32 +0000"
    },
    "done": true
  },
  "handcrafted:recipes/misc/blaze_trophy": {
    "criteria": {
      "has_blaze_trophy": "2024-07-26 02:43:32 +0000"
    },
    "done": true
  },
  "handcrafted:recipes/misc/oak_counter": {
    "criteria": {
      "has_oak_counter": "2024-07-26 02:43:32 +0000"
    },
    "done": true
  },
  "handcrafted:recipes/misc/wolf_trophy": {
    "criteria": {
      "has_wolf_trophy": "2024-07-26 02:43:32 +0000"
    },
    "done": true
  },
  "minecraft:recipes/redstone/oak_trapdoor": {
    "criteria": {
      "has_planks": "2024-07-26 02:43:32 +0000"
    },
    "done": true
  },
  "supplementaries:recipes/bed_from_feather_block": {
    "criteria": {
      "minecraft:planks": "2024-07-26 02:43:32 +0000"
    },
    "done": true
  },
  "handcrafted:recipes/misc/oak_bench": {
    "criteria": {
      "has_oak_bench": "2024-07-26 02:43:32 +0000"
    },
    "done": true
  },
  "handcrafted:recipes/misc/oak_couch": {
    "criteria": {
      "has_oak_couch": "2024-07-26 02:43:32 +0000"
    },
    "done": true
  },
  "handcrafted:recipes/misc/spider_trophy": {
    "criteria": {
      "has_spider_trophy": "2024-07-26 02:43:32 +0000"
    },
    "done": true
  },
  "handcrafted:recipes/misc/oak_chair": {
    "criteria": {
      "has_oak_chair": "2024-07-26 02:43:32 +0000"
    },
    "done": true
  },
  "supplementaries:recipes/notice_board": {
    "criteria": {
      "minecraft:planks": "2024-07-26 02:43:32 +0000"
    },
    "done": true
  },
  "minecraft:recipes/redstone/oak_pressure_plate": {
    "criteria": {
      "has_planks": "2024-07-26 02:43:32 +0000"
    },
    "done": true
  },
  "handcrafted:recipes/misc/oak_cupboard": {
    "criteria": {
      "has_oak_cupboard": "2024-07-26 02:43:32 +0000"
    },
    "done": true
  },
  "handcrafted:recipes/misc/skeleton_horse_trophy": {
    "criteria": {
      "has_skeleton_horse_trophy": "2024-07-26 02:43:32 +0000"
    },
    "done": true
  },
  "handcrafted:recipes/misc/wither_skeleton_trophy": {
    "criteria": {
      "has_wither_skeleton_trophy": "2024-07-26 02:43:32 +0000"
    },
    "done": true
  },
  "handcrafted:recipes/misc/oak_nightstand": {
    "criteria": {
      "has_oak_nightstand": "2024-07-26 02:43:32 +0000"
    },
    "done": true
  },
  "minecraft:recipes/decorations/oak_sign": {
    "criteria": {
      "has_planks": "2024-07-26 02:43:32 +0000"
    },
    "done": true
  },
  "handcrafted:recipes/misc/oak_fancy_bed": {
    "criteria": {
      "has_oak_fancy_bed": "2024-07-26 02:43:32 +0000"
    },
    "done": true
  },
  "supplementaries:recipes/lock_block": {
    "criteria": {
      "minecraft:planks": "2024-07-26 02:43:32 +0000"
    },
    "done": true
  },
  "exdeorum:recipes/misc/oak_sieve": {
    "criteria": {
      "has_item": "2024-07-26 02:43:32 +0000"
    },
    "done": true
  },
  "exdeorum:recipes/tools/wooden_hammer": {
    "criteria": {
      "has_item": "2024-07-26 02:43:32 +0000"
    },
    "done": true
  },
  "handcrafted:recipes/misc/oak_table": {
    "criteria": {
      "has_oak_table": "2024-07-26 02:43:32 +0000"
    },
    "done": true
  },
  "handcrafted:recipes/misc/oak_corner_trim": {
    "criteria": {
      "has_oak_corner_trim": "2024-07-26 02:43:32 +0000"
    },
    "done": true
  },
  "handcrafted:recipes/misc/salmon_trophy": {
    "criteria": {
      "has_salmon_trophy": "2024-07-26 02:43:32 +0000"
    },
    "done": true
  },
  "handcrafted:recipes/misc/silverfish_trophy": {
    "criteria": {
      "has_silverfish_trophy": "2024-07-26 02:43:32 +0000"
    },
    "done": true
  },
  "handcrafted:recipes/misc/oak_dining_bench": {
    "criteria": {
      "has_oak_dining_bench": "2024-07-26 02:43:32 +0000"
    },
    "done": true
  },
  "minecraft:recipes/redstone/oak_fence_gate": {
    "criteria": {
      "has_planks": "2024-07-26 02:43:32 +0000"
    },
    "done": true
  },
  "handcrafted:recipes/misc/oak_desk": {
    "criteria": {
      "has_oak_desk": "2024-07-26 02:43:32 +0000"
    },
    "done": true
  },
  "supplementaries:recipes/clock_block": {
    "criteria": {
      "minecraft:planks": "2024-07-26 02:43:32 +0000"
    },
    "done": true
  },
  "minecraft:recipes/building_blocks/oak_stairs": {
    "criteria": {
      "has_planks": "2024-07-26 02:43:32 +0000"
    },
    "done": true
  },
  "minecraft:recipes/decorations/oak_fence": {
    "criteria": {
      "has_planks": "2024-07-26 02:43:32 +0000"
    },
    "done": true
  },
  "supplementaries:recipes/speaker_block": {
    "criteria": {
      "minecraft:planks": "2024-07-26 02:43:32 +0000"
    },
    "done": true
  },
  "handcrafted:recipes/misc/fox_trophy": {
    "criteria": {
      "has_fox_trophy": "2024-07-26 02:43:32 +0000"
    },
    "done": true
  },
  "handcrafted:recipes/misc/tropical_fish_trophy": {
    "criteria": {
      "has_tropical_fish_trophy": "2024-07-26 02:43:32 +0000"
    },
    "done": true
  },
  "minecraft:recipes/redstone/oak_button": {
    "criteria": {
      "has_planks": "2024-07-26 02:43:32 +0000"
    },
    "done": true
  },
  "handcrafted:recipes/misc/oak_pillar_trim": {
    "criteria": {
      "has_oak_pillar_trim": "2024-07-26 02:43:32 +0000"
    },
    "done": true
  },
  "handcrafted:recipes/misc/pufferfish_trophy": {
    "criteria": {
      "has_pufferfish_trophy": "2024-07-26 02:43:32 +0000"
    },
    "done": true
  },
  "woodenshears:recipes/tools/wooden_shears": {
    "criteria": {
      "has_planks": "2024-07-26 02:43:32 +0000"
    },
    "done": true
  },
  "handcrafted:recipes/misc/oak_side_table": {
    "criteria": {
      "has_oak_side_table": "2024-07-26 02:43:32 +0000"
    },
    "done": true
  },
  "minecraft:recipes/decorations/ladder": {
    "criteria": {
      "has_stick": "2024-07-26 02:44:22 +0000"
    },
    "done": true
  },
  "supplementaries:recipes/flags/flag_magenta": {
    "criteria": {
      "has_stick": "2024-07-26 02:44:22 +0000"
    },
    "done": true
  },
  "minecraft:recipes/tools/wooden_axe": {
    "criteria": {
      "has_stick": "2024-07-26 02:44:22 +0000"
    },
    "done": true
  },
  "supplementaries:recipes/daub_cross_brace": {
    "criteria": {
      "forge:rods/wooden": "2024-07-26 02:44:22 +0000"
    },
    "done": true
  },
  "minecraft:recipes/decorations/campfire": {
    "criteria": {
      "has_stick": "2024-07-26 02:44:22 +0000"
    },
    "done": true
  },
  "supplementaries:recipes/timber_brace": {
    "criteria": {
      "forge:rods/wooden": "2024-07-26 02:44:22 +0000"
    },
    "done": true
  },
  "exdeorum:recipes/tools/crook": {
    "criteria": {
      "has_item": "2024-07-26 02:44:22 +0000"
    },
    "done": true
  },
  "supplementaries:recipes/flags/flag_black": {
    "criteria": {
      "has_stick": "2024-07-26 02:44:22 +0000"
    },
    "done": true
  },
  "minecraft:recipes/combat/wooden_sword": {
    "criteria": {
      "has_stick": "2024-07-26 02:44:22 +0000"
    },
    "done": true
  },
  "supplementaries:recipes/flags/flag_green": {
    "criteria": {
      "has_stick": "2024-07-26 02:44:22 +0000"
    },
    "done": true
  },
  "supplementaries:recipes/flags/flag_purple": {
    "criteria": {
      "has_stick": "2024-07-26 02:44:22 +0000"
    },
    "done": true
  },
  "supplementaries:recipes/flags/flag_white": {
    "criteria": {
      "has_stick": "2024-07-26 02:44:22 +0000"
    },
    "done": true
  },
  "supplementaries:recipes/timber_cross_brace": {
    "criteria": {
      "forge:rods/wooden": "2024-07-26 02:44:22 +0000"
    },
    "done": true
  },
  "undergarden:recipes/combat/slingshot": {
    "criteria": {
      "has_stick": "2024-07-26 02:44:22 +0000"
    },
    "done": true
  },
  "supplementaries:recipes/flags/flag_gray": {
    "criteria": {
      "has_stick": "2024-07-26 02:44:22 +0000"
    },
    "done": true
  },
  "supplementaries:recipes/faucet": {
    "criteria": {
      "forge:rods/wooden": "2024-07-26 02:44:22 +0000"
    },
    "done": true
  },
  "undergarden:recipes/decorations/shard_torch": {
    "criteria": {
      "has_stick": "2024-07-26 02:44:22 +0000"
    },
    "done": true
  },
  "enderio:recipes/misc/wood_gear": {
    "criteria": {
      "has_ingredient": "2024-07-26 02:44:22 +0000"
    },
    "done": true
  },
  "supplementaries:recipes/flags/flag_light_blue": {
    "criteria": {
      "has_stick": "2024-07-26 02:44:22 +0000"
    },
    "done": true
  },
  "supplementaries:recipes/daub_brace": {
    "criteria": {
      "forge:rods/wooden": "2024-07-26 02:44:22 +0000"
    },
    "done": true
  },
  "minecraft:recipes/tools/wooden_pickaxe": {
    "criteria": {
      "has_stick": "2024-07-26 02:44:22 +0000"
    },
    "done": true
  },
  "supplementaries:recipes/flags/flag_cyan": {
    "criteria": {
      "has_stick": "2024-07-26 02:44:22 +0000"
    },
    "done": true
  },
  "supplementaries:recipes/flags/flag_red": {
    "criteria": {
      "has_stick": "2024-07-26 02:44:22 +0000"
    },
    "done": true
  },
  "supplementaries:recipes/crank": {
    "criteria": {
      "forge:rods/wooden": "2024-07-26 02:44:22 +0000"
    },
    "done": true
  },
  "supplementaries:recipes/flags/flag_orange": {
    "criteria": {
      "has_stick": "2024-07-26 02:44:22 +0000"
    },
    "done": true
  },
  "immersiveengineering:recipes/misc/crafting/torch": {
    "criteria": {
      "has_stick": "2024-07-26 02:44:22 +0000"
    },
    "done": true
  },
  "supplementaries:recipes/flags/flag_pink": {
    "criteria": {
      "has_stick": "2024-07-26 02:44:22 +0000"
    },
    "done": true
  },
  "supplementaries:recipes/timber_frame": {
    "criteria": {
      "forge:rods/wooden": "2024-07-26 02:44:22 +0000"
    },
    "done": true
  },
  "minecraft:recipes/tools/wooden_hoe": {
    "criteria": {
      "has_stick": "2024-07-26 02:44:22 +0000"
    },
    "done": true
  },
  "enderio:recipes/misc/wood_gear_corner": {
    "criteria": {
      "has_ingredient": "2024-07-26 02:44:22 +0000"
    },
    "done": true
  },
  "supplementaries:recipes/slingshot": {
    "criteria": {
      "forge:rods/wooden": "2024-07-26 02:44:22 +0000"
    },
    "done": true
  },
  "minecraft:recipes/tools/wooden_shovel": {
    "criteria": {
      "has_stick": "2024-07-26 02:44:22 +0000"
    },
    "done": true
  },
  "ae2:recipes/misc/network/blocks/crank": {
    "criteria": {
      "has_stick": "2024-07-26 02:44:22 +0000"
    },
    "done": true
  },
  "undergarden:recipes/decorations/torch_ditchbulb_paste": {
    "criteria": {
      "has_stick": "2024-07-26 02:44:22 +0000"
    },
    "done": true
  },
  "supplementaries:recipes/flags/flag_brown": {
    "criteria": {
      "has_stick": "2024-07-26 02:44:22 +0000"
    },
    "done": true
  },
  "undergarden:recipes/decorations/undergarden_scaffolding": {
    "criteria": {
      "has_stick": "2024-07-26 02:44:22 +0000"
    },
    "done": true
  },
  "supplementaries:recipes/flags/flag_blue": {
    "criteria": {
      "has_stick": "2024-07-26 02:44:22 +0000"
    },
    "done": true
  },
  "supplementaries:recipes/daub_frame": {
    "criteria": {
      "forge:rods/wooden": "2024-07-26 02:44:22 +0000"
    },
    "done": true
  },
  "supplementaries:recipes/flags/flag_yellow": {
    "criteria": {
      "has_stick": "2024-07-26 02:44:22 +0000"
    },
    "done": true
  },
  "supplementaries:recipes/flags/flag_light_gray": {
    "criteria": {
      "has_stick": "2024-07-26 02:44:22 +0000"
    },
    "done": true
  },
  "supplementaries:recipes/flags/flag_lime": {
    "criteria": {
      "has_stick": "2024-07-26 02:44:22 +0000"
    },
    "done": true
  },
  "minecraft:adventure/kill_a_mob": {
    "criteria": {
      "minecraft:zombie_villager": "2024-07-26 02:45:33 +0000"
    },
    "done": true
  },
  "minecraft:adventure/kill_all_mobs": {
    "criteria": {
      "minecraft:skeleton": "2024-07-26 03:58:32 +0000",
      "minecraft:spider": "2024-07-26 03:57:55 +0000",
      "minecraft:slime": "2024-07-27 03:27:54 +0000",
      "minecraft:zombie": "2024-07-26 03:43:03 +0000",
      "minecraft:zombie_villager": "2024-07-26 02:45:33 +0000"
    },
    "done": false
  },
  "minecraft:adventure/root": {
    "criteria": {
      "killed_something": "2024-07-26 02:45:33 +0000"
    },
    "done": true
  },
  "xnet:recipes/xnet/advanced_connector_blue_dye": {
    "criteria": {
      "chest": "2024-07-26 02:48:28 +0000"
    },
    "done": true
  },
  "xnet:recipes/xnet/netcable_red_dye": {
    "criteria": {
      "chest": "2024-07-26 02:48:28 +0000"
    },
    "done": true
  },
  "xnet:recipes/xnet/netcable_green_dye": {
    "criteria": {
      "chest": "2024-07-26 02:48:28 +0000"
    },
    "done": true
  },
  "xnet:recipes/xnet/connector_blue_dye": {
    "criteria": {
      "chest": "2024-07-26 02:48:28 +0000"
    },
    "done": true
  },
  "xnet:recipes/xnet/advanced_connector_red_dye": {
    "criteria": {
      "chest": "2024-07-26 02:48:28 +0000"
    },
    "done": true
  },
  "storagedrawers:recipes/storagedrawers/dark_oak_drawers": {
    "criteria": {
      "has_chest": "2024-07-26 02:48:28 +0000"
    },
    "done": true
  },
  "xnet:recipes/xnet/advanced_connector_blue": {
    "criteria": {
      "chest": "2024-07-26 02:48:28 +0000"
    },
    "done": true
  },
  "slabmachines:recipes/misc/slab_from_chest": {
    "criteria": {
      "has_chest": "2024-07-26 02:48:28 +0000"
    },
    "done": true
  },
  "storagedrawers:recipes/storagedrawers/warped_drawers": {
    "criteria": {
      "has_chest": "2024-07-26 02:48:28 +0000"
    },
    "done": true
  },
  "xnet:recipes/xnet/advanced_connector_yellow": {
    "criteria": {
      "chest": "2024-07-26 02:48:28 +0000"
    },
    "done": true
  },
  "xnet:recipes/xnet/connector_routing": {
    "criteria": {
      "chest": "2024-07-26 02:48:28 +0000"
    },
    "done": true
  },
  "storagedrawers:recipes/storagedrawers/jungle_drawers": {
    "criteria": {
      "has_chest": "2024-07-26 02:48:28 +0000"
    },
    "done": true
  },
  "xnet:recipes/xnet/connector_blue": {
    "criteria": {
      "chest": "2024-07-26 02:48:28 +0000"
    },
    "done": true
  },
  "xnet:recipes/xnet/netcable_yellow_dye": {
    "criteria": {
      "chest": "2024-07-26 02:48:28 +0000"
    },
    "done": true
  },
  "storagedrawers:recipes/storagedrawers/crimson_drawers": {
    "criteria": {
      "has_chest": "2024-07-26 02:48:28 +0000"
    },
    "done": true
  },
  "storagedrawers:recipes/storagedrawers/acacia_drawers": {
    "criteria": {
      "has_chest": "2024-07-26 02:48:28 +0000"
    },
    "done": true
  },
  "botania:recipes/redstone/red_string_container": {
    "criteria": {
      "has_base_block": "2024-07-26 02:48:28 +0000"
    },
    "done": true
  },
  "xnet:recipes/xnet/connector_yellow_dye": {
    "criteria": {
      "chest": "2024-07-26 02:48:28 +0000"
    },
    "done": true
  },
  "xnet:recipes/xnet/connector_green": {
    "criteria": {
      "chest": "2024-07-26 02:48:28 +0000"
    },
    "done": true
  },
  "xnet:recipes/xnet/connector_red_dye": {
    "criteria": {
      "chest": "2024-07-26 02:48:28 +0000"
    },
    "done": true
  },
  "xnet:recipes/xnet/netcable_blue_dye": {
    "criteria": {
      "chest": "2024-07-26 02:48:28 +0000"
    },
    "done": true
  },
  "storagedrawers:recipes/storagedrawers/oak_drawers": {
    "criteria": {
      "has_chest": "2024-07-26 02:48:28 +0000"
    },
    "done": true
  },
  "xnet:recipes/xnet/advanced_connector_green_dye": {
    "criteria": {
      "chest": "2024-07-26 02:48:28 +0000"
    },
    "done": true
  },
  "xnet:recipes/xnet/advanced_connector_green": {
    "criteria": {
      "chest": "2024-07-26 02:48:28 +0000"
    },
    "done": true
  },
  "xnet:recipes/xnet/connector_green_dye": {
    "criteria": {
      "chest": "2024-07-26 02:48:28 +0000"
    },
    "done": true
  },
  "xnet:recipes/xnet/advanced_connector_yellow_dye": {
    "criteria": {
      "chest": "2024-07-26 02:48:28 +0000"
    },
    "done": true
  },
  "xnet:recipes/xnet/advanced_connector_routing": {
    "criteria": {
      "chest": "2024-07-26 02:48:28 +0000"
    },
    "done": true
  },
  "storagedrawers:recipes/storagedrawers/birch_drawers": {
    "criteria": {
      "has_chest": "2024-07-26 02:48:28 +0000"
    },
    "done": true
  },
  "storagedrawers:recipes/storagedrawers/spruce_drawers": {
    "criteria": {
      "has_chest": "2024-07-26 02:48:28 +0000"
    },
    "done": true
  },
  "xnet:recipes/xnet/advanced_connector_red": {
    "criteria": {
      "chest": "2024-07-26 02:48:28 +0000"
    },
    "done": true
  },
  "trashcans:recipes/misc/item_trash_can": {
    "criteria": {
      "recipe_condition": "2024-07-26 02:48:28 +0000"
    },
    "done": true
  },
  "xnet:recipes/xnet/connector_red": {
    "criteria": {
      "chest": "2024-07-26 02:48:28 +0000"
    },
    "done": true
  },
  "xnet:recipes/xnet/connector_yellow": {
    "criteria": {
      "chest": "2024-07-26 02:48:28 +0000"
    },
    "done": true
  },
  "exdeorum:core/crook": {
    "criteria": {
      "craft_crook": "2024-07-26 02:50:52 +0000"
    },
    "done": true
  },
  "exdeorum:core/barrel": {
    "criteria": {
      "has_barrel": "2024-07-26 02:51:57 +0000"
    },
    "done": true
  },
  "exdeorum:recipes/misc/cooked_silk_worm": {
    "criteria": {
      "has_item": "2024-07-26 03:00:27 +0000"
    },
    "done": true
  },
  "exdeorum:core/silk_worm": {
    "criteria": {
      "has_silk_worm": "2024-07-26 03:00:27 +0000"
    },
    "done": true
  },
  "exdeorum:recipes/misc/cooked_silk_worm_from_campfire_cooking": {
    "criteria": {
      "has_item": "2024-07-26 03:00:27 +0000"
    },
    "done": true
  },
  "exdeorum:recipes/misc/cooked_silk_worm_from_smoking": {
    "criteria": {
      "has_item": "2024-07-26 03:00:27 +0000"
    },
    "done": true
  },
  "aether:recipes/decorations/skyroot_loom": {
    "criteria": {
      "has_string": "2024-07-26 03:03:23 +0000"
    },
    "done": true
  },
  "minecraft:recipes/redstone/tripwire_hook": {
    "criteria": {
      "has_string": "2024-07-26 03:03:23 +0000"
    },
    "done": true
  },
  "minecraft:recipes/decorations/candle": {
    "criteria": {
      "has_string": "2024-07-26 03:03:23 +0000"
    },
    "done": true
  },
  "aether:recipes/redstone/skyroot_tripwire_hook": {
    "criteria": {
      "has_string": "2024-07-26 03:03:23 +0000"
    },
    "done": true
  },
  "exdeorum:recipes/misc/string_mesh": {
    "criteria": {
      "has_item": "2024-07-26 03:03:23 +0000"
    },
    "done": true
  },
  "minecraft:recipes/combat/bow": {
    "criteria": {
      "has_string": "2024-07-26 03:03:23 +0000"
    },
    "done": true
  },
  "supplementaries:recipes/bomb": {
    "criteria": {
      "has_string": "2024-07-26 03:03:23 +0000"
    },
    "done": true
  },
  "minecraft:recipes/combat/crossbow": {
    "criteria": {
      "has_string": "2024-07-26 03:03:23 +0000"
    },
    "done": true
  },
  "supplementaries:recipes/sack": {
    "criteria": {
      "has_string": "2024-07-26 03:03:23 +0000"
    },
    "done": true
  },
  "minecraft:recipes/tools/fishing_rod": {
    "criteria": {
      "has_string": "2024-07-26 03:03:23 +0000"
    },
    "done": true
  },
  "minecraft:recipes/building_blocks/white_wool_from_string": {
    "criteria": {
      "has_string": "2024-07-26 03:03:23 +0000"
    },
    "done": true
  },
  "minecraft:recipes/decorations/loom": {
    "criteria": {
      "has_string": "2024-07-26 03:03:23 +0000"
    },
    "done": true
  },
  "exdeorum:recipes/tools/compressed_wooden_hammer": {
    "criteria": {
      "has_item": "2024-07-26 03:04:10 +0000"
    },
    "done": true
  },
  "exdeorum:core/string_mesh": {
    "criteria": {
      "has_string_mesh": "2024-07-26 03:06:06 +0000"
    },
    "done": true
  },
  "minecraft:husbandry/balanced_diet": {
    "criteria": {
      "apple": "2024-07-26 03:23:36 +0000"
    },
    "done": false
  },
  "minecraft:husbandry/root": {
    "criteria": {
      "consumed_item": "2024-07-26 03:23:36 +0000"
    },
    "done": true
  },
  "minecraft:recipes/building_blocks/compressed_crafting_table": {
    "criteria": {
      "has_crafting_table": "2024-07-26 03:26:44 +0000"
    },
    "done": true
  },
  "rftoolsbase:recipes/rftoolsbase/crafting_card": {
    "criteria": {
      "crafter": "2024-07-26 03:26:44 +0000"
    },
    "done": true
  },
  "slabmachines:recipes/misc/slab_from_crafting_table": {
    "criteria": {
      "has_crafting_table": "2024-07-26 03:26:44 +0000"
    },
    "done": true
  },
  "minecraft:story/root": {
    "criteria": {
      "crafting_table": "2024-07-26 03:26:44 +0000"
    },
    "done": true
  },
  "exdeorum:recipes/tools/compressed_stone_hammer": {
    "criteria": {
      "has_item": "2024-07-26 03:37:17 +0000"
    },
    "done": true
  },
  "botania:main/bauble_wear": {
    "criteria": {
      "code_triggered": "2024-07-26 03:37:30 +0000"
    },
    "done": true
  },
  "minecraft:recipes/misc/black_dye": {
    "criteria": {
      "has_ink_sac": "2024-07-26 03:40:14 +0000"
    },
    "done": true
  },
  "minecraft:story/upgrade_tools": {
    "criteria": {
      "stone_pickaxe": "2024-07-26 03:42:22 +0000"
    },
    "done": true
  },
  "aether:recipes/tools/stone_pickaxe_repairing": {
    "criteria": {
      "has_stone_pickaxe": "2024-07-26 03:42:22 +0000"
    },
    "done": true
  },
  "minecraft:recipes/decorations/torch": {
    "criteria": {
      "has_stone_pickaxe": "2024-07-26 03:42:22 +0000"
    },
    "done": true
  },
  "aether:recipes/combat/stone_sword_repairing": {
    "criteria": {
      "has_stone_sword": "2024-07-26 03:42:25 +0000"
    },
    "done": true
  },
  "aether:recipes/tools/stone_axe_repairing": {
    "criteria": {
      "has_stone_axe": "2024-07-26 03:42:28 +0000"
    },
    "done": true
  },
  "aether:recipes/tools/stone_hoe_repairing": {
    "criteria": {
      "has_stone_hoe": "2024-07-26 03:42:36 +0000"
    },
    "done": true
  },
  "handcrafted:recipes/misc/light_gray_cushion": {
    "criteria": {
      "has_light_gray_cushion": "2024-07-26 03:47:28 +0000"
    },
    "done": true
  },
  "minecraft:recipes/decorations/chest": {
    "criteria": {
      "has_lots_of_items": "2024-07-26 03:47:28 +0000"
    },
    "done": true
  },
  "minecraft:recipes/decorations/light_gray_bed": {
    "criteria": {
      "has_light_gray_wool": "2024-07-26 03:47:28 +0000"
    },
    "done": true
  },
  "minecraft:recipes/decorations/light_gray_carpet": {
    "criteria": {
      "has_light_gray_wool": "2024-07-26 03:47:28 +0000"
    },
    "done": true
  },
  "handcrafted:recipes/misc/light_gray_sheet": {
    "criteria": {
      "has_light_gray_sheet": "2024-07-26 03:47:28 +0000"
    },
    "done": true
  },
  "minecraft:recipes/decorations/light_gray_banner": {
    "criteria": {
      "has_light_gray_wool": "2024-07-26 03:47:28 +0000"
    },
    "done": true
  },
  "aether:recipes/decorations/skyroot_bed": {
    "criteria": {
      "has_wool": "2024-07-26 03:47:28 +0000"
    },
    "done": true
  },
  "minecraft:recipes/decorations/painting": {
    "criteria": {
      "has_wool": "2024-07-26 03:47:28 +0000"
    },
    "done": true
  },
  "ad_astra:recipes/misc/light_gray_flag": {
    "criteria": {
      "has_light_gray_flag": "2024-07-26 03:47:28 +0000"
    },
    "done": true
  },
  "aether:recipes/decorations/skyroot_chest": {
    "criteria": {
      "has_lots_of_items": "2024-07-26 03:47:28 +0000"
    },
    "done": true
  },
  "minecraft:recipes/decorations/light_blue_bed": {
    "criteria": {
      "has_light_blue_wool": "2024-07-26 03:47:32 +0000"
    },
    "done": true
  },
  "handcrafted:recipes/misc/light_blue_sheet": {
    "criteria": {
      "has_light_blue_sheet": "2024-07-26 03:47:32 +0000"
    },
    "done": true
  },
  "ad_astra:recipes/misc/light_blue_flag": {
    "criteria": {
      "has_light_blue_flag": "2024-07-26 03:47:32 +0000"
    },
    "done": true
  },
  "handcrafted:recipes/misc/light_blue_cushion": {
    "criteria": {
      "has_light_blue_cushion": "2024-07-26 03:47:32 +0000"
    },
    "done": true
  },
  "minecraft:recipes/decorations/light_blue_carpet": {
    "criteria": {
      "has_light_blue_wool": "2024-07-26 03:47:32 +0000"
    },
    "done": true
  },
  "minecraft:recipes/decorations/light_blue_banner": {
    "criteria": {
      "has_light_blue_wool": "2024-07-26 03:47:32 +0000"
    },
    "done": true
  },
  "aether:recipes/combat/blue_cape_light_blue_wool": {
    "criteria": {
      "has_light_blue_wool": "2024-07-26 03:47:32 +0000"
    },
    "done": true
  },
  "minecraft:recipes/decorations/purple_carpet": {
    "criteria": {
      "has_purple_wool": "2024-07-26 03:47:35 +0000"
    },
    "done": true
  },
  "handcrafted:recipes/misc/purple_cushion": {
    "criteria": {
      "has_purple_cushion": "2024-07-26 03:47:35 +0000"
    },
    "done": true
  },
  "handcrafted:recipes/misc/purple_sheet": {
    "criteria": {
      "has_purple_sheet": "2024-07-26 03:47:35 +0000"
    },
    "done": true
  },
  "minecraft:recipes/decorations/purple_bed": {
    "criteria": {
      "has_purple_wool": "2024-07-26 03:47:35 +0000"
    },
    "done": true
  },
  "ad_astra:recipes/misc/purple_flag": {
    "criteria": {
      "has_purple_flag": "2024-07-26 03:47:35 +0000"
    },
    "done": true
  },
  "minecraft:recipes/decorations/purple_banner": {
    "criteria": {
      "has_purple_wool": "2024-07-26 03:47:35 +0000"
    },
    "done": true
  },
  "ad_astra:recipes/misc/brown_flag": {
    "criteria": {
      "has_brown_flag": "2024-07-26 03:49:03 +0000"
    },
    "done": true
  },
  "handcrafted:recipes/misc/brown_cushion": {
    "criteria": {
      "has_brown_cushion": "2024-07-26 03:49:03 +0000"
    },
    "done": true
  },
  "minecraft:recipes/decorations/brown_banner": {
    "criteria": {
      "has_brown_wool": "2024-07-26 03:49:03 +0000"
    },
    "done": true
  },
  "minecraft:recipes/decorations/brown_bed": {
    "criteria": {
      "has_brown_wool": "2024-07-26 03:49:03 +0000"
    },
    "done": true
  },
  "handcrafted:recipes/misc/brown_sheet": {
    "criteria": {
      "has_brown_sheet": "2024-07-26 03:49:03 +0000"
    },
    "done": true
  },
  "minecraft:recipes/decorations/brown_carpet": {
    "criteria": {
      "has_brown_wool": "2024-07-26 03:49:03 +0000"
    },
    "done": true
  },
  "minecraft:recipes/decorations/orange_bed": {
    "criteria": {
      "has_orange_wool": "2024-07-26 03:49:46 +0000"
    },
    "done": true
  },
  "handcrafted:recipes/misc/black_sheet": {
    "criteria": {
      "has_black_sheet": "2024-07-26 03:49:46 +0000"
    },
    "done": true
  },
  "minecraft:recipes/decorations/orange_carpet": {
    "criteria": {
      "has_orange_wool": "2024-07-26 03:49:46 +0000"
    },
    "done": true
  },
  "handcrafted:recipes/misc/black_cushion": {
    "criteria": {
      "has_black_cushion": "2024-07-26 03:49:46 +0000"
    },
    "done": true
  },
  "handcrafted:recipes/misc/orange_cushion": {
    "criteria": {
      "has_orange_cushion": "2024-07-26 03:49:46 +0000"
    },
    "done": true
  },
  "handcrafted:recipes/misc/orange_sheet": {
    "criteria": {
      "has_orange_sheet": "2024-07-26 03:49:46 +0000"
    },
    "done": true
  },
  "minecraft:recipes/decorations/orange_banner": {
    "criteria": {
      "has_orange_wool": "2024-07-26 03:49:46 +0000"
    },
    "done": true
  },
  "minecraft:recipes/decorations/black_carpet": {
    "criteria": {
      "has_black_wool": "2024-07-26 03:49:46 +0000"
    },
    "done": true
  },
  "minecraft:recipes/decorations/black_bed": {
    "criteria": {
      "has_black_wool": "2024-07-26 03:49:46 +0000"
    },
    "done": true
  },
  "ad_astra:recipes/misc/orange_flag": {
    "criteria": {
      "has_orange_flag": "2024-07-26 03:49:46 +0000"
    },
    "done": true
  },
  "minecraft:recipes/decorations/black_banner": {
    "criteria": {
      "has_black_wool": "2024-07-26 03:49:46 +0000"
    },
    "done": true
  },
  "ad_astra:recipes/misc/black_flag": {
    "criteria": {
      "has_black_flag": "2024-07-26 03:49:46 +0000"
    },
    "done": true
  },
  "handcrafted:recipes/misc/pink_sheet": {
    "criteria": {
      "has_pink_sheet": "2024-07-26 03:50:06 +0000"
    },
    "done": true
  },
  "minecraft:recipes/decorations/pink_bed": {
    "criteria": {
      "has_pink_wool": "2024-07-26 03:50:06 +0000"
    },
    "done": true
  },
  "minecraft:recipes/decorations/pink_banner": {
    "criteria": {
      "has_pink_wool": "2024-07-26 03:50:06 +0000"
    },
    "done": true
  },
  "handcrafted:recipes/misc/pink_cushion": {
    "criteria": {
      "has_pink_cushion": "2024-07-26 03:50:06 +0000"
    },
    "done": true
  },
  "ad_astra:recipes/misc/pink_flag": {
    "criteria": {
      "has_pink_flag": "2024-07-26 03:50:06 +0000"
    },
    "done": true
  },
  "minecraft:recipes/decorations/pink_carpet": {
    "criteria": {
      "has_pink_wool": "2024-07-26 03:50:06 +0000"
    },
    "done": true
  },
  "handcrafted:recipes/misc/white_sheet": {
    "criteria": {
      "has_white_sheet": "2024-07-26 03:50:09 +0000"
    },
    "done": true
  },
  "aether:recipes/combat/white_cape": {
    "criteria": {
      "has_white_wool": "2024-07-26 03:50:09 +0000"
    },
    "done": true
  },
  "minecraft:recipes/decorations/white_bed": {
    "criteria": {
      "has_white_wool": "2024-07-26 03:50:09 +0000"
    },
    "done": true
  },
  "ad_astra:recipes/misc/white_flag": {
    "criteria": {
      "has_white_flag": "2024-07-26 03:50:09 +0000"
    },
    "done": true
  },
  "handcrafted:recipes/misc/white_cushion": {
    "criteria": {
      "has_white_cushion": "2024-07-26 03:50:09 +0000"
    },
    "done": true
  },
  "minecraft:recipes/decorations/white_carpet": {
    "criteria": {
      "has_white_wool": "2024-07-26 03:50:09 +0000"
    },
    "done": true
  },
  "minecraft:recipes/decorations/white_banner": {
    "criteria": {
      "has_white_wool": "2024-07-26 03:50:09 +0000"
    },
    "done": true
  },
  "handcrafted:recipes/misc/red_cushion": {
    "criteria": {
      "has_red_cushion": "2024-07-26 03:50:10 +0000"
    },
    "done": true
  },
  "minecraft:recipes/decorations/red_banner": {
    "criteria": {
      "has_red_wool": "2024-07-26 03:50:10 +0000"
    },
    "done": true
  },
  "handcrafted:recipes/misc/red_sheet": {
    "criteria": {
      "has_red_sheet": "2024-07-26 03:50:10 +0000"
    },
    "done": true
  },
  "aether:recipes/combat/red_cape": {
    "criteria": {
      "has_red_wool": "2024-07-26 03:50:10 +0000"
    },
    "done": true
  },
  "ad_astra:recipes/misc/red_flag": {
    "criteria": {
      "has_red_flag": "2024-07-26 03:50:10 +0000"
    },
    "done": true
  },
  "minecraft:recipes/decorations/red_carpet": {
    "criteria": {
      "has_red_wool": "2024-07-26 03:50:10 +0000"
    },
    "done": true
  },
  "minecraft:recipes/decorations/red_bed": {
    "criteria": {
      "has_red_wool": "2024-07-26 03:50:10 +0000"
    },
    "done": true
  },
  "handcrafted:recipes/misc/magenta_sheet": {
    "criteria": {
      "has_magenta_sheet": "2024-07-26 03:50:12 +0000"
    },
    "done": true
  },
  "minecraft:recipes/decorations/magenta_bed": {
    "criteria": {
      "has_magenta_wool": "2024-07-26 03:50:12 +0000"
    },
    "done": true
  },
  "minecraft:recipes/decorations/magenta_banner": {
    "criteria": {
      "has_magenta_wool": "2024-07-26 03:50:12 +0000"
    },
    "done": true
  },
  "ad_astra:recipes/misc/magenta_flag": {
    "criteria": {
      "has_magenta_flag": "2024-07-26 03:50:12 +0000"
    },
    "done": true
  },
  "minecraft:recipes/decorations/magenta_carpet": {
    "criteria": {
      "has_magenta_wool": "2024-07-26 03:50:12 +0000"
    },
    "done": true
  },
  "handcrafted:recipes/misc/magenta_cushion": {
    "criteria": {
      "has_magenta_cushion": "2024-07-26 03:50:12 +0000"
    },
    "done": true
  },
  "aether:recipes/combat/blue_cape_blue_wool": {
    "criteria": {
      "has_blue_wool": "2024-07-26 03:50:15 +0000"
    },
    "done": true
  },
  "handcrafted:recipes/misc/blue_sheet": {
    "criteria": {
      "has_blue_sheet": "2024-07-26 03:50:15 +0000"
    },
    "done": true
  },
  "minecraft:recipes/decorations/blue_banner": {
    "criteria": {
      "has_blue_wool": "2024-07-26 03:50:15 +0000"
    },
    "done": true
  },
  "minecraft:recipes/decorations/blue_carpet": {
    "criteria": {
      "has_blue_wool": "2024-07-26 03:50:15 +0000"
    },
    "done": true
  },
  "ad_astra:recipes/misc/blue_flag": {
    "criteria": {
      "has_blue_flag": "2024-07-26 03:50:15 +0000"
    },
    "done": true
  },
  "minecraft:recipes/decorations/blue_bed": {
    "criteria": {
      "has_blue_wool": "2024-07-26 03:50:15 +0000"
    },
    "done": true
  },
  "handcrafted:recipes/misc/blue_cushion": {
    "criteria": {
      "has_blue_cushion": "2024-07-26 03:50:15 +0000"
    },
    "done": true
  },
  "constructionwand:recipes/tools/stone_wand": {
    "criteria": {
      "has_item": "2024-07-26 03:51:10 +0000"
    },
    "done": true
  },
  "enderio:recipes/misc/stone_gear": {
    "criteria": {
      "has_ingredient": "2024-07-26 03:51:10 +0000"
    },
    "done": true
  },
  "minecraft:recipes/building_blocks/cobblestone_slab": {
    "criteria": {
      "has_cobblestone": "2024-07-26 03:51:10 +0000"
    },
    "done": true
  },
  "minecraft:recipes/decorations/cobblestone_wall_from_cobblestone_stonecutting": {
    "criteria": {
      "has_cobblestone": "2024-07-26 03:51:10 +0000"
    },
    "done": true
  },
  "minecraft:recipes/building_blocks/cobblestone_stairs": {
    "criteria": {
      "has_cobblestone": "2024-07-26 03:51:10 +0000"
    },
    "done": true
  },
  "minecraft:recipes/redstone/lever": {
    "criteria": {
      "has_cobblestone": "2024-07-26 03:51:10 +0000"
    },
    "done": true
  },
  "minecraft:recipes/combat/stone_sword": {
    "criteria": {
      "has_cobblestone": "2024-07-26 03:51:10 +0000"
    },
    "done": true
  },
  "minecraft:recipes/decorations/cobblestone_wall": {
    "criteria": {
      "has_cobblestone": "2024-07-26 03:51:10 +0000"
    },
    "done": true
  },
  "minecraft:recipes/tools/stone_axe": {
    "criteria": {
      "has_cobblestone": "2024-07-26 03:51:10 +0000"
    },
    "done": true
  },
  "supplementaries:recipes/checker": {
    "criteria": {
      "has_cobblestone": "2024-07-26 03:51:10 +0000"
    },
    "done": true
  },
  "exdeorum:recipes/tools/stone_hammer": {
    "criteria": {
      "has_item": "2024-07-26 03:51:10 +0000"
    },
    "done": true
  },
  "minecraft:story/mine_stone": {
    "criteria": {
      "get_stone": "2024-07-26 03:51:10 +0000"
    },
    "done": true
  },
  "minecraft:recipes/decorations/furnace": {
    "criteria": {
      "has_cobblestone": "2024-07-26 03:51:10 +0000"
    },
    "done": true
  },
  "minecraft:recipes/building_blocks/cobblestone_slab_from_cobblestone_stonecutting": {
    "criteria": {
      "has_cobblestone": "2024-07-26 03:51:10 +0000"
    },
    "done": true
  },
  "minecraft:recipes/building_blocks/stone": {
    "criteria": {
      "has_cobblestone": "2024-07-26 03:51:10 +0000"
    },
    "done": true
  },
  "minecraft:recipes/tools/stone_pickaxe": {
    "criteria": {
      "has_cobblestone": "2024-07-26 03:51:10 +0000"
    },
    "done": true
  },
  "minecraft:recipes/tools/stone_shovel": {
    "criteria": {
      "has_cobblestone": "2024-07-26 03:51:10 +0000"
    },
    "done": true
  },
  "projecte:recipes/misc/low_covalence_dust": {
    "criteria": {
      "has_cobble": "2024-07-26 03:51:10 +0000"
    },
    "done": true
  },
  "minecraft:recipes/building_blocks/cobblestone_stairs_from_cobblestone_stonecutting": {
    "criteria": {
      "has_cobblestone": "2024-07-26 03:51:10 +0000"
    },
    "done": true
  },
  "minecraft:recipes/tools/stone_hoe": {
    "criteria": {
      "has_cobblestone": "2024-07-26 03:51:10 +0000"
    },
    "done": true
  },
  "slabmachines:recipes/misc/slab_from_furnace": {
    "criteria": {
      "has_cobblestone_slab": "2024-07-26 03:51:38 +0000"
    },
    "done": true
  },
  "storagedrawers:recipes/storagedrawers/controller_slave": {
    "criteria": {
      "has_chest": "2024-07-26 03:55:15 +0000"
    },
    "done": true
  },
  "storagedrawers:recipes/storagedrawers/compacting_drawers": {
    "criteria": {
      "has_chest": "2024-07-26 03:55:15 +0000"
    },
    "done": true
  },
  "storagedrawers:recipes/storagedrawers/upgrade_template": {
    "criteria": {
      "has_chest": "2024-07-26 03:55:15 +0000"
    },
    "done": true
  },
  "storagedrawers:recipes/storagedrawers/controller": {
    "criteria": {
      "has_chest": "2024-07-26 03:55:15 +0000"
    },
    "done": true
  },
  "minecraft:recipes/misc/orange_dye_from_torchflower": {
    "criteria": {
      "has_torchflower": "2024-07-26 04:02:20 +0000"
    },
    "done": true
  },
  "mekanismtools:paxel": {
    "criteria": {
      "any_paxel": "2024-07-26 04:08:17 +0000"
    },
    "done": true
  },
  "bigreactors:recipes/misc/blasting/graphite_from_charcoal": {
    "criteria": {
      "has_item": "2024-07-26 04:13:17 +0000"
    },
    "done": true
  },
  "bigreactors:recipes/misc/smelting/graphite_from_charcoal": {
    "criteria": {
      "has_item": "2024-07-26 04:13:17 +0000"
    },
    "done": true
  },
  "minecraft:recipes/food/cooked_mutton_from_campfire_cooking": {
    "criteria": {
      "has_mutton": "2024-07-26 04:18:13 +0000"
    },
    "done": true
  },
  "minecraft:recipes/food/cooked_mutton_from_smoking": {
    "criteria": {
      "has_mutton": "2024-07-26 04:18:13 +0000"
    },
    "done": true
  },
  "minecraft:recipes/food/cooked_mutton": {
    "criteria": {
      "has_mutton": "2024-07-26 04:18:13 +0000"
    },
    "done": true
  },
  "bigreactors:recipes/building_blocks/reactor/basic/passivetap_fe": {
    "criteria": {
      "has_item2": "2024-07-27 03:06:59 +0000"
    },
    "done": true
  },
  "aether:recipes/redstone/skyroot_piston": {
    "criteria": {
      "has_redstone": "2024-07-27 03:06:59 +0000"
    },
    "done": true
  },
  "rftoolsdim:recipes/rftoolsdim/empty_dimension_tab": {
    "criteria": {
      "redstone": "2024-07-27 03:06:59 +0000"
    },
    "done": true
  },
  "bigreactors:recipes/building_blocks/reactor/reinforced/passivetap_fe": {
    "criteria": {
      "has_item2": "2024-07-27 03:06:59 +0000"
    },
    "done": true
  },
  "ae2:recipes/misc/network/cables/smart_fluix": {
    "criteria": {
      "has_dusts/redstone": "2024-07-27 03:06:59 +0000"
    },
    "done": true
  },
  "rftoolsdim:recipes/rftoolsdim/dimension_monitor": {
    "criteria": {
      "redstone": "2024-07-27 03:06:59 +0000"
    },
    "done": true
  },
  "immersiveengineering:recipes/misc/crafting/rs_engineering": {
    "criteria": {
      "has_redstone": "2024-07-27 03:06:59 +0000"
    },
    "done": true
  },
  "ae2:recipes/misc/network/cells/item_cell_housing": {
    "criteria": {
      "has_dusts/redstone": "2024-07-27 03:06:59 +0000"
    },
    "done": true
  },
  "botania:recipes/misc/redstone_root": {
    "criteria": {
      "has_item": "2024-07-27 03:06:59 +0000"
    },
    "done": true
  },
  "ae2:recipes/misc/network/cables/dense_smart_fluix": {
    "criteria": {
      "has_dusts/redstone": "2024-07-27 03:06:59 +0000"
    },
    "done": true
  },
  "appmek:recipes/misc/chemical_cell_housing": {
    "criteria": {
      "has_dusts/redstone": "2024-07-27 03:06:59 +0000"
    },
    "done": true
  },
  "minecraft:recipes/redstone/note_block": {
    "criteria": {
      "has_redstone": "2024-07-27 03:06:59 +0000"
    },
    "done": true
  },
  "supplementaries:recipes/altimeter": {
    "criteria": {
      "has_redstone": "2024-07-27 03:06:59 +0000"
    },
    "done": true
  },
  "supplementaries:recipes/sconce_lever": {
    "criteria": {
      "has_redstone": "2024-07-27 03:06:59 +0000"
    },
    "done": true
  },
  "minecraft:recipes/redstone/dropper": {
    "criteria": {
      "has_redstone": "2024-07-27 03:06:59 +0000"
    },
    "done": true
  },
  "rftoolsutility:recipes/rftoolsutility/redstone_information": {
    "criteria": {
      "redstone": "2024-07-27 03:06:59 +0000"
    },
    "done": true
  },
  "trashcans:recipes/misc/energy_trash_can": {
    "criteria": {
      "recipe_condition": "2024-07-27 03:06:59 +0000"
    },
    "done": true
  },
  "minecraft:recipes/redstone/piston": {
    "criteria": {
      "has_redstone": "2024-07-27 03:06:59 +0000"
    },
    "done": true
  },
  "rftoolsdim:recipes/rftoolsdim/phased_field_generator": {
    "criteria": {
      "redstone": "2024-07-27 03:06:59 +0000"
    },
    "done": true
  },
  "minecraft:recipes/redstone/redstone_torch": {
    "criteria": {
      "has_redstone": "2024-07-27 03:06:59 +0000"
    },
    "done": true
  },
  "immersiveengineering:recipes/misc/crafting/redstone_acid": {
    "criteria": {
      "has_redstone_dust": "2024-07-27 03:06:59 +0000"
    },
    "done": true
  },
  "aether:recipes/redstone/skyroot_note_block": {
    "criteria": {
      "has_redstone": "2024-07-27 03:06:59 +0000"
    },
    "done": true
  },
  "minecraft:recipes/redstone/target": {
    "criteria": {
      "has_redstone": "2024-07-27 03:06:59 +0000"
    },
    "done": true
  },
  "ae2:recipes/misc/network/cells/fluid_cell_housing": {
    "criteria": {
      "has_dusts/redstone": "2024-07-27 03:06:59 +0000"
    },
    "done": true
  },
  "minecraft:recipes/tools/compass": {
    "criteria": {
      "has_redstone": "2024-07-27 03:06:59 +0000"
    },
    "done": true
  },
  "supplementaries:recipes/redstone_illuminator": {
    "criteria": {
      "has_redstone": "2024-07-27 03:06:59 +0000"
    },
    "done": true
  },
  "minecraft:recipes/redstone/redstone_block": {
    "criteria": {
      "has_redstone": "2024-07-27 03:06:59 +0000"
    },
    "done": true
  },
  "minecraft:recipes/tools/clock": {
    "criteria": {
      "has_redstone": "2024-07-27 03:06:59 +0000"
    },
    "done": true
  },
  "projecte:recipes/misc/medium_covalence_dust": {
    "criteria": {
      "has_redstone": "2024-07-27 03:06:59 +0000"
    },
    "done": true
  },
  "rftoolsutility:recipes/rftoolsutility/screen_link": {
    "criteria": {
      "redstone": "2024-07-27 03:06:59 +0000"
    },
    "done": true
  },
  "bigreactors:recipes/building_blocks/turbine/basic/passivetap_fe": {
    "criteria": {
      "has_item2": "2024-07-27 03:06:59 +0000"
    },
    "done": true
  },
  "bigreactors:recipes/building_blocks/turbine/reinforced/passivetap_fe": {
    "criteria": {
      "has_item2": "2024-07-27 03:06:59 +0000"
    },
    "done": true
  },
  "rftoolsstorage:recipes/rftoolsstorage/storage_module0": {
    "criteria": {
      "redstone": "2024-07-27 03:06:59 +0000"
    },
    "done": true
  },
  "rftoolscontrol:recipes/rftoolscontrol/card_base": {
    "criteria": {
      "redstone": "2024-07-27 03:06:59 +0000"
    },
    "done": true
  },
  "exdeorum:recipes/misc/iron_mesh": {
    "criteria": {
      "has_item": "2024-07-27 03:32:13 +0000"
    },
    "done": true
  },
  "exdeorum:recipes/misc/iron_ore": {
    "criteria": {
      "has_item": "2024-07-27 03:25:54 +0000"
    },
    "done": true
  },
  "minecraft:recipes/combat/diamond_sword": {
    "criteria": {
      "has_diamond": "2024-07-27 03:25:54 +0000"
    },
    "done": true
  },
  "bigreactors:recipes/building_blocks/reprocessor/casing": {
    "criteria": {
      "has_item": "2024-07-27 03:32:13 +0000"
    },
    "done": true
  },
  "minecraft:recipes/decorations/jukebox": {
    "criteria": {
      "has_diamond": "2024-07-27 03:25:54 +0000"
    },
    "done": true
  },
  "minecraft:recipes/combat/iron_helmet": {
    "criteria": {
      "has_iron_ingot": "2024-07-27 03:32:13 +0000"
    },
    "done": true
  },
  "handcrafted:recipes/misc/hammer": {
    "criteria": {
      "has_hammer": "2024-07-27 03:32:13 +0000"
    },
    "done": true
  },
  "exdeorum:recipes/misc/cobblestone": {
    "criteria": {
      "has_item": "2024-07-27 03:25:50 +0000"
    },
    "done": true
  },
  "supplementaries:recipes/candle_holders/candle_holder_gray": {
    "criteria": {
      "has_iron_ingot": "2024-07-27 03:32:13 +0000"
    },
    "done": true
  },
  "minecraft:recipes/tools/diamond_pickaxe": {
    "criteria": {
      "has_diamond": "2024-07-27 03:25:54 +0000"
    },
    "done": true
  },
  "supplementaries:recipes/flint_block": {
    "criteria": {
      "has_flint": "2024-07-27 03:25:53 +0000"
    },
    "done": true
  },
  "supplementaries:recipes/candle_holders/candle_holder_light_gray": {
    "criteria": {
      "has_iron_ingot": "2024-07-27 03:32:13 +0000"
    },
    "done": true
  },
  "pneumaticcraft:recipes/misc/magnet_upgrade": {
    "criteria": {
      "has_lapis_lazuli": "2024-07-27 03:25:50 +0000"
    },
    "done": true
  },
  "minecraft:recipes/tools/diamond_hoe": {
    "criteria": {
      "has_diamond": "2024-07-27 03:25:54 +0000"
    },
    "done": true
  },
  "minecraft:recipes/building_blocks/lime_concrete_powder": {
    "criteria": {
      "has_gravel": "2024-07-27 03:25:21 +0000"
    },
    "done": true
  },
  "exdeorum:recipes/misc/ores/aluminum_tag": {
    "criteria": {
      "has_item": "2024-07-27 03:26:16 +0000"
    },
    "done": true
  },
  "minecraft:recipes/redstone/hopper": {
    "criteria": {
      "has_iron_ingot": "2024-07-27 03:32:13 +0000"
    },
    "done": true
  },
  "aether:recipes/combat/iron_gloves": {
    "criteria": {
      "has_iron": "2024-07-27 03:32:13 +0000"
    },
    "done": true
  },
  "rftoolsutility:recipes/rftoolsutility/text_module": {
    "criteria": {
      "ingot": "2024-07-27 03:32:13 +0000"
    },
    "done": true
  },
  "supplementaries:recipes/candle_holders/candle_holder_orange": {
    "criteria": {
      "has_iron_ingot": "2024-07-27 03:32:13 +0000"
    },
    "done": true
  },
  "minecraft:recipes/combat/iron_boots": {
    "criteria": {
      "has_iron_ingot": "2024-07-27 03:32:13 +0000"
    },
    "done": true
  },
  "pneumaticcraft:recipes/misc/coordinate_tracker_upgrade": {
    "criteria": {
      "has_lapis_lazuli": "2024-07-27 03:25:50 +0000"
    },
    "done": true
  },
  "minecraft:recipes/building_blocks/magenta_concrete_powder": {
    "criteria": {
      "has_gravel": "2024-07-27 03:25:21 +0000"
    },
    "done": true
  },
  "supplementaries:recipes/candle_holders/candle_holder_red": {
    "criteria": {
      "has_iron_ingot": "2024-07-27 03:32:13 +0000"
    },
    "done": true
  },
  "constructionwand:recipes/tools/diamond_wand": {
    "criteria": {
      "has_item": "2024-07-27 03:25:54 +0000"
    },
    "done": true
  },
  "supplementaries:recipes/bubble_blower": {
    "criteria": {
      "has_iron_nugget": "2024-07-27 03:25:50 +0000"
    },
    "done": true
  },
  "pneumaticcraft:recipes/misc/volume_upgrade": {
    "criteria": {
      "has_lapis_lazuli": "2024-07-27 03:25:50 +0000"
    },
    "done": true
  },
  "immersiveengineering:recipes/misc/crafting/coil_mv": {
    "criteria": {
      "has_iron_ingot": "2024-07-27 03:32:13 +0000"
    },
    "done": true
  },
  "immersiveengineering:recipes/misc/crafting/coil_lv": {
    "criteria": {
      "has_iron_ingot": "2024-07-27 03:32:13 +0000"
    },
    "done": true
  },
  "exdeorum:recipes/misc/diamond_mesh": {
    "criteria": {
      "has_item": "2024-07-27 03:25:54 +0000"
    },
    "done": true
  },
  "minecraft:recipes/redstone/iron_trapdoor": {
    "criteria": {
      "has_iron_ingot": "2024-07-27 03:32:13 +0000"
    },
    "done": true
  },
  "minecraft:recipes/redstone/slime_block": {
    "criteria": {
      "has_slime_ball": "2024-07-27 03:28:06 +0000"
    },
    "done": true
  },
  "exdeorum:recipes/misc/ores/lead_tag": {
    "criteria": {
      "has_item": "2024-07-27 03:25:56 +0000"
    },
    "done": true
  },
  "minecraft:recipes/building_blocks/black_concrete_powder": {
    "criteria": {
      "has_gravel": "2024-07-27 03:25:21 +0000"
    },
    "done": true
  },
  "pneumaticcraft:recipes/misc/item_life_upgrade": {
    "criteria": {
      "has_lapis_lazuli": "2024-07-27 03:25:50 +0000"
    },
    "done": true
  },
  "minecraft:recipes/building_blocks/diamond_block": {
    "criteria": {
      "has_diamond": "2024-07-27 03:25:54 +0000"
    },
    "done": true
  },
  "pneumaticcraft:recipes/misc/flippers_upgrade": {
    "criteria": {
      "has_lapis_lazuli": "2024-07-27 03:25:50 +0000"
    },
    "done": true
  },
  "supplementaries:recipes/candle_holders/candle_holder_magenta": {
    "criteria": {
      "has_iron_ingot": "2024-07-27 03:32:13 +0000"
    },
    "done": true
  },
  "minecraft:recipes/building_blocks/cyan_concrete_powder": {
    "criteria": {
      "has_gravel": "2024-07-27 03:25:21 +0000"
    },
    "done": true
  },
  "pneumaticcraft:recipes/misc/standby_upgrade": {
    "criteria": {
      "has_lapis_lazuli": "2024-07-27 03:25:50 +0000"
    },
    "done": true
  },
  "rftoolsbuilder:recipes/rftoolsbuilder/shape_card_def": {
    "criteria": {
      "iron_ingot": "2024-07-27 03:32:13 +0000"
    },
    "done": true
  },
  "minecraft:recipes/misc/iron_ingot_from_nuggets": {
    "criteria": {
      "has_iron_nugget": "2024-07-27 03:25:50 +0000"
    },
    "done": true
  },
  "minecraft:recipes/building_blocks/pink_concrete_powder": {
    "criteria": {
      "has_gravel": "2024-07-27 03:25:21 +0000"
    },
    "done": true
  },
  "minecraft:recipes/food/baked_potato_from_campfire_cooking": {
    "criteria": {
      "has_potato": "2024-07-27 03:32:25 +0000"
    },
    "done": true
  },
  "rftoolsutility:recipes/rftoolsutility/button_module": {
    "criteria": {
      "ingot": "2024-07-27 03:32:13 +0000"
    },
    "done": true
  },
  "pneumaticcraft:recipes/misc/speed_upgrade_from_glycerol": {
    "criteria": {
      "has_lapis_lazuli": "2024-07-27 03:25:50 +0000"
    },
    "done": true
  },
  "undergarden:recipes/tools/catalyst": {
    "criteria": {
      "has_diamond": "2024-07-27 03:25:54 +0000"
    },
    "done": true
  },
  "minecraft:recipes/combat/iron_chestplate": {
    "criteria": {
      "has_iron_ingot": "2024-07-27 03:32:13 +0000"
    },
    "done": true
  },
  "minecraft:recipes/misc/iron_nugget": {
    "criteria": {
      "has_iron_ingot": "2024-07-27 03:32:13 +0000"
    },
    "done": true
  },
  "minecraft:recipes/misc/bucket": {
    "criteria": {
      "has_iron_ingot": "2024-07-27 03:32:13 +0000"
    },
    "done": true
  },
  "exdeorum:recipes/tools/diamond_hammer": {
    "criteria": {
      "has_item": "2024-07-27 03:25:54 +0000"
    },
    "done": true
  },
  "pneumaticcraft:recipes/misc/ender_visor_upgrade": {
    "criteria": {
      "has_lapis_lazuli": "2024-07-27 03:25:50 +0000"
    },
    "done": true
  },
  "supplementaries:recipes/candle_holders/candle_holder_pink": {
    "criteria": {
      "has_iron_ingot": "2024-07-27 03:32:13 +0000"
    },
    "done": true
  },
  "pneumaticcraft:recipes/misc/range_upgrade": {
    "criteria": {
      "has_lapis_lazuli": "2024-07-27 03:25:50 +0000"
    },
    "done": true
  },
  "immersiveengineering:recipes/misc/crafting/drillhead_iron": {
    "criteria": {
      "has_iron_ingot": "2024-07-27 03:32:13 +0000"
    },
    "done": true
  },
  "dimstorage:recipes/misc/dim_core": {
    "criteria": {
      "has_diamond": "2024-07-27 03:25:54 +0000"
    },
    "done": true
  },
  "minecraft:story/smelt_iron": {
    "criteria": {
      "iron": "2024-07-27 03:32:13 +0000"
    },
    "done": true
  },
  "supplementaries:recipes/candle_holders/candle_holder_white": {
    "criteria": {
      "has_iron_ingot": "2024-07-27 03:32:13 +0000"
    },
    "done": true
  },
  "ad_astra:recipes/misc/coal_generator": {
    "criteria": {
      "has_coal_generator": "2024-07-27 03:32:13 +0000"
    },
    "done": true
  },
  "immersiveengineering:recipes/misc/crafting/stick_iron": {
    "criteria": {
      "has_iron_ingot": "2024-07-27 03:32:13 +0000"
    },
    "done": true
  },
  "minecraft:recipes/building_blocks/white_concrete_powder": {
    "criteria": {
      "has_gravel": "2024-07-27 03:25:21 +0000"
    },
    "done": true
  },
  "exdeorum:recipes/misc/flint_mesh": {
    "criteria": {
      "has_item": "2024-07-27 03:25:53 +0000"
    },
    "done": true
  },
  "pneumaticcraft:recipes/misc/gilded_upgrade": {
    "criteria": {
      "has_lapis_lazuli": "2024-07-27 03:25:50 +0000"
    },
    "done": true
  },
  "minecraft:recipes/misc/paper": {
    "criteria": {
      "has_reeds": "2024-07-27 03:28:43 +0000"
    },
    "done": true
  },
  "minecraft:recipes/tools/lead": {
    "criteria": {
      "has_slime_ball": "2024-07-27 03:28:06 +0000"
    },
    "done": true
  },
  "supplementaries:recipes/candle_holders/candle_holder_brown": {
    "criteria": {
      "has_iron_ingot": "2024-07-27 03:32:13 +0000"
    },
    "done": true
  },
  "minecraft:recipes/combat/diamond_boots": {
    "criteria": {
      "has_diamond": "2024-07-27 03:25:54 +0000"
    },
    "done": true
  },
  "minecraft:recipes/combat/iron_sword": {
    "criteria": {
      "has_iron_ingot": "2024-07-27 03:32:13 +0000"
    },
    "done": true
  },
  "rftoolsutility:recipes/rftoolsutility/fluid_module": {
    "criteria": {
      "ingot": "2024-07-27 03:32:13 +0000"
    },
    "done": true
  },
  "minecraft:recipes/tools/iron_pickaxe": {
    "criteria": {
      "has_iron_ingot": "2024-07-27 03:32:13 +0000"
    },
    "done": true
  },
  "pneumaticcraft:recipes/misc/armor_upgrade": {
    "criteria": {
      "has_lapis_lazuli": "2024-07-27 03:25:50 +0000"
    },
    "done": true
  },
  "supplementaries:recipes/iron_gate": {
    "criteria": {
      "has_iron_nugget": "2024-07-27 03:25:50 +0000"
    },
    "done": true
  },
  "minecraft:recipes/combat/shield": {
    "criteria": {
      "has_iron_ingot": "2024-07-27 03:32:13 +0000"
    },
    "done": true
  },
  "minecraft:recipes/decorations/iron_bars": {
    "criteria": {
      "has_iron_ingot": "2024-07-27 03:32:13 +0000"
    },
    "done": true
  },
  "supplementaries:recipes/candle_holders/candle_holder_black": {
    "criteria": {
      "has_iron_ingot": "2024-07-27 03:32:13 +0000"
    },
    "done": true
  },
  "exdeorum:recipes/misc/ores/silver_tag": {
    "criteria": {
      "has_item": "2024-07-27 03:25:50 +0000"
    },
    "done": true
  },
  "pneumaticcraft:recipes/misc/speed_upgrade": {
    "criteria": {
      "has_lapis_lazuli": "2024-07-27 03:25:50 +0000"
    },
    "done": true
  },
  "aether:recipes/decorations/skyroot_smithing_table": {
    "criteria": {
      "has_iron_ingot": "2024-07-27 03:32:13 +0000"
    },
    "done": true
  },
  "aether:recipes/combat/skyroot_iron_vanilla_shield": {
    "criteria": {
      "has_iron_ingot": "2024-07-27 03:32:13 +0000"
    },
    "done": true
  },
  "supplementaries:recipes/candle_holders/candle_holder_green": {
    "criteria": {
      "has_iron_ingot": "2024-07-27 03:32:13 +0000"
    },
    "done": true
  },
  "pneumaticcraft:recipes/misc/security_upgrade": {
    "criteria": {
      "has_lapis_lazuli": "2024-07-27 03:25:50 +0000"
    },
    "done": true
  },
  "minecraft:recipes/tools/flint_and_steel": {
    "criteria": {
      "has_flint": "2024-07-27 03:25:53 +0000"
    },
    "done": true
  },
  "minecraft:recipes/misc/sugar_from_sugar_cane": {
    "criteria": {
      "has_sugar_cane": "2024-07-27 03:28:43 +0000"
    },
    "done": true
  },
  "minecraft:recipes/food/baked_potato_from_smoking": {
    "criteria": {
      "has_potato": "2024-07-27 03:32:25 +0000"
    },
    "done": true
  },
  "buildinggadgets2:recipes/misc/gadget_building": {
    "criteria": {
      "has_diamond": "2024-07-27 03:25:54 +0000"
    },
    "done": true
  },
  "rftoolsutility:recipes/rftoolsutility/inventoryplus_module": {
    "criteria": {
      "ingot": "2024-07-27 03:32:13 +0000"
    },
    "done": true
  },
  "supplementaries:recipes/candle_holders/candle_holder": {
    "criteria": {
      "has_iron_ingot": "2024-07-27 03:32:13 +0000"
    },
    "done": true
  },
  "minecraft:recipes/building_blocks/yellow_concrete_powder": {
    "criteria": {
      "has_gravel": "2024-07-27 03:25:21 +0000"
    },
    "done": true
  },
  "immersiveengineering:recipes/misc/crafting/grit_sand": {
    "criteria": {
      "has_sand": "2024-07-27 03:25:21 +0000"
    },
    "done": true
  },
  "minecraft:recipes/building_blocks/dripstone_block": {
    "criteria": {
      "has_pointed_dripstone": "2024-07-27 03:25:56 +0000"
    },
    "done": true
  },
  "enderio:recipes/misc/conduit_binder_composite": {
    "criteria": {
      "has_ingredient_gravel": "2024-07-27 03:25:21 +0000"
    },
    "done": true
  },
  "minecraft:recipes/tools/iron_axe": {
    "criteria": {
      "has_iron_ingot": "2024-07-27 03:32:13 +0000"
    },
    "done": true
  },
  "exdeorum:recipes/misc/gold_ore": {
    "criteria": {
      "has_item": "2024-07-27 03:25:53 +0000"
    },
    "done": true
  },
  "immersiveengineering:recipes/misc/crafting/wirecutter": {
    "criteria": {
      "has_iron_ingot": "2024-07-27 03:32:13 +0000"
    },
    "done": true
  },
  "exdeorum:recipes/misc/copper_ore": {
    "criteria": {
      "has_item": "2024-07-27 03:25:54 +0000"
    },
    "done": true
  },
  "ad_astra:recipes/misc/compressor": {
    "criteria": {
      "has_compressor": "2024-07-27 03:32:13 +0000"
    },
    "done": true
  },
  "exdeorum:recipes/tools/iron_hammer": {
    "criteria": {
      "has_item": "2024-07-27 03:32:13 +0000"
    },
    "done": true
  },
  "exdeorum:recipes/misc/ores/tin_tag": {
    "criteria": {
      "has_item": "2024-07-27 03:25:55 +0000"
    },
    "done": true
  },
  "supplementaries:recipes/candle_holders/candle_holder_yellow": {
    "criteria": {
      "has_iron_ingot": "2024-07-27 03:32:13 +0000"
    },
    "done": true
  },
  "minecraft:recipes/redstone/iron_door": {
    "criteria": {
      "has_iron_ingot": "2024-07-27 03:32:13 +0000"
    },
    "done": true
  },
  "aether:recipes/combat/iron_pendant": {
    "criteria": {
      "has_iron_ingot": "2024-07-27 03:32:13 +0000"
    },
    "done": true
  },
  "exdeorum:recipes/misc/diamond_mesh_from_golden_mesh": {
    "criteria": {
      "has_item": "2024-07-27 03:25:54 +0000"
    },
    "done": true
  },
  "minecraft:recipes/decorations/fletching_table": {
    "criteria": {
      "has_flint": "2024-07-27 03:25:53 +0000"
    },
    "done": true
  },
  "exdeorum:recipes/misc/granite": {
    "criteria": {
      "has_item": "2024-07-27 03:25:50 +0000"
    },
    "done": true
  },
  "minecraft:recipes/building_blocks/red_concrete_powder": {
    "criteria": {
      "has_gravel": "2024-07-27 03:25:21 +0000"
    },
    "done": true
  },
  "pneumaticcraft:recipes/misc/search_upgrade": {
    "criteria": {
      "has_lapis_lazuli": "2024-07-27 03:25:50 +0000"
    },
    "done": true
  },
  "supplementaries:recipes/spring_launcher": {
    "criteria": {
      "has_iron_ingot": "2024-07-27 03:32:13 +0000"
    },
    "done": true
  },
  "ae2:recipes/misc/decorative/light_detector": {
    "criteria": {
      "has_iron_ingot": "2024-07-27 03:32:13 +0000"
    },
    "done": true
  },
  "minecraft:recipes/building_blocks/lapis_block": {
    "criteria": {
      "has_lapis_lazuli": "2024-07-27 03:25:50 +0000"
    },
    "done": true
  },
  "rftoolsbase:recipes/rftoolsbase/smartwrench": {
    "criteria": {
      "iron": "2024-07-27 03:32:13 +0000"
    },
    "done": true
  },
  "constructionwand:recipes/tools/iron_wand": {
    "criteria": {
      "has_item": "2024-07-27 03:32:13 +0000"
    },
    "done": true
  },
  "supplementaries:recipes/candle_holders/candle_holder_blue": {
    "criteria": {
      "has_iron_ingot": "2024-07-27 03:32:13 +0000"
    },
    "done": true
  },
  "minecraft:recipes/combat/diamond_chestplate": {
    "criteria": {
      "has_diamond": "2024-07-27 03:25:54 +0000"
    },
    "done": true
  },
  "minecraft:recipes/building_blocks/green_concrete_powder": {
    "criteria": {
      "has_gravel": "2024-07-27 03:25:21 +0000"
    },
    "done": true
  },
  "supplementaries:recipes/candle_holders/candle_holder_lime": {
    "criteria": {
      "has_iron_ingot": "2024-07-27 03:32:13 +0000"
    },
    "done": true
  },
  "minecraft:recipes/building_blocks/blue_concrete_powder": {
    "criteria": {
      "has_gravel": "2024-07-27 03:25:21 +0000"
    },
    "done": true
  },
  "rftoolsutility:recipes/rftoolsutility/machineinformation_module": {
    "criteria": {
      "ingot": "2024-07-27 03:32:13 +0000"
    },
    "done": true
  },
  "immersiveengineering:recipes/misc/crafting/connector_hv": {
    "criteria": {
      "has_aluminum_ingot": "2024-07-27 03:32:13 +0000"
    },
    "done": true
  },
  "supplementaries:recipes/candle_holders/candle_holder_light_blue": {
    "criteria": {
      "has_iron_ingot": "2024-07-27 03:32:13 +0000"
    },
    "done": true
  },
  "minecraft:recipes/tools/shears": {
    "criteria": {
      "has_iron_ingot": "2024-07-27 03:32:13 +0000"
    },
    "done": true
  },
  "rftoolsutility:recipes/rftoolsutility/fluidplus_module": {
    "criteria": {
      "ingot": "2024-07-27 03:32:13 +0000"
    },
    "done": true
  },
  "rftoolsutility:recipes/rftoolsutility/clock_module": {
    "criteria": {
      "ingot": "2024-07-27 03:32:13 +0000"
    },
    "done": true
  },
  "minecraft:recipes/building_blocks/iron_block": {
    "criteria": {
      "has_iron_ingot": "2024-07-27 03:32:13 +0000"
    },
    "done": true
  },
  "enderio:recipes/misc/fluid_tank": {
    "criteria": {
      "has_ingredient": "2024-07-27 03:32:13 +0000"
    },
    "done": true
  },
  "exdeorum:recipes/misc/ores/osmium_tag": {
    "criteria": {
      "has_item": "2024-07-27 03:25:54 +0000"
    },
    "done": true
  },
  "rftoolsstorage:recipes/rftoolsstorage/storage_control_module": {
    "criteria": {
      "ingot": "2024-07-27 03:32:13 +0000"
    },
    "done": true
  },
  "exdeorum:recipes/misc/diorite": {
    "criteria": {
      "has_item": "2024-07-27 03:25:50 +0000"
    },
    "done": true
  },
  "rftoolsutility:recipes/rftoolsutility/inventory_module": {
    "criteria": {
      "ingot": "2024-07-27 03:32:13 +0000"
    },
    "done": true
  },
  "minecraft:recipes/tools/diamond_shovel": {
    "criteria": {
      "has_diamond": "2024-07-27 03:25:54 +0000"
    },
    "done": true
  },
  "exdeorum:recipes/misc/iron_mesh_from_flint_mesh": {
    "criteria": {
      "has_item": "2024-07-27 03:32:13 +0000"
    },
    "done": true
  },
  "exdeorum:recipes/misc/ores/nickel_tag": {
    "criteria": {
      "has_item": "2024-07-27 03:26:01 +0000"
    },
    "done": true
  },
  "minecraft:recipes/building_blocks/orange_concrete_powder": {
    "criteria": {
      "has_gravel": "2024-07-27 03:25:21 +0000"
    },
    "done": true
  },
  "supplementaries:recipes/candle_holders/candle_holder_purple": {
    "criteria": {
      "has_iron_ingot": "2024-07-27 03:32:13 +0000"
    },
    "done": true
  },
  "minecraft:recipes/decorations/lantern": {
    "criteria": {
      "has_iron_nugget": "2024-07-27 03:25:50 +0000"
    },
    "done": true
  },
  "minecraft:recipes/tools/iron_shovel": {
    "criteria": {
      "has_iron_ingot": "2024-07-27 03:32:13 +0000"
    },
    "done": true
  },
  "bigreactors:recipes/misc/blasting/graphite_from_coal": {
    "criteria": {
      "has_item": "2024-07-27 03:25:53 +0000"
    },
    "done": true
  },
  "minecraft:recipes/combat/diamond_helmet": {
    "criteria": {
      "has_diamond": "2024-07-27 03:25:54 +0000"
    },
    "done": true
  },
  "immersiveengineering:recipes/misc/crafting/screwdriver": {
    "criteria": {
      "has_iron_ingot": "2024-07-27 03:32:13 +0000"
    },
    "done": true
  },
  "aether:recipes/combat/diamond_gloves": {
    "criteria": {
      "has_diamond": "2024-07-27 03:25:54 +0000"
    },
    "done": true
  },
  "immersiveengineering:recipes/misc/crafting/component_iron": {
    "criteria": {
      "has_iron_ingot": "2024-07-27 03:32:13 +0000"
    },
    "done": true
  },
  "aether:recipes/decorations/skyroot_fletching_table": {
    "criteria": {
      "has_flint": "2024-07-27 03:25:53 +0000"
    },
    "done": true
  },
  "projecte:recipes/misc/high_covalence_dust": {
    "criteria": {
      "has_diamond": "2024-07-27 03:25:54 +0000"
    },
    "done": true
  },
  "bigreactors:recipes/misc/smelting/graphite_from_coal": {
    "criteria": {
      "has_item": "2024-07-27 03:25:53 +0000"
    },
    "done": true
  },
  "immersiveengineering:recipes/misc/crafting/connector_hv_relay": {
    "criteria": {
      "has_aluminum_ingot": "2024-07-27 03:32:13 +0000"
    },
    "done": true
  },
  "minecraft:recipes/building_blocks/purple_concrete_powder": {
    "criteria": {
      "has_gravel": "2024-07-27 03:25:21 +0000"
    },
    "done": true
  },
  "exdeorum:recipes/misc/flint_mesh_from_string_mesh": {
    "criteria": {
      "has_item": "2024-07-27 03:25:53 +0000"
    },
    "done": true
  },
  "pneumaticcraft:recipes/misc/dispenser_upgrade": {
    "criteria": {
      "has_lapis_lazuli": "2024-07-27 03:25:50 +0000"
    },
    "done": true
  },
  "minecraft:story/mine_diamond": {
    "criteria": {
      "diamond": "2024-07-27 03:25:54 +0000"
    },
    "done": true
  },
  "pneumaticcraft:recipes/misc/inventory_upgrade": {
    "criteria": {
      "has_lapis_lazuli": "2024-07-27 03:25:50 +0000"
    },
    "done": true
  },
  "minecraft:recipes/redstone/heavy_weighted_pressure_plate": {
    "criteria": {
      "has_iron_ingot": "2024-07-27 03:32:13 +0000"
    },
    "done": true
  },
  "minecraft:recipes/combat/iron_leggings": {
    "criteria": {
      "has_iron_ingot": "2024-07-27 03:32:13 +0000"
    },
    "done": true
  },
  "minecraft:recipes/building_blocks/coarse_dirt": {
    "criteria": {
      "has_gravel": "2024-07-27 03:25:21 +0000"
    },
    "done": true
  },
  "minecraft:recipes/building_blocks/light_gray_concrete_powder": {
    "criteria": {
      "has_gravel": "2024-07-27 03:25:21 +0000"
    },
    "done": true
  },
  "immersiveengineering:recipes/misc/crafting/plate_iron_hammering": {
    "criteria": {
      "has_iron_ingot": "2024-07-27 03:32:13 +0000"
    },
    "done": true
  },
  "minecraft:recipes/combat/diamond_leggings": {
    "criteria": {
      "has_diamond": "2024-07-27 03:25:54 +0000"
    },
    "done": true
  },
  "minecraft:recipes/misc/blue_dye": {
    "criteria": {
      "has_lapis_lazuli": "2024-07-27 03:25:50 +0000"
    },
    "done": true
  },
  "rftoolsutility:recipes/rftoolsutility/energy_module": {
    "criteria": {
      "ingot": "2024-07-27 03:32:13 +0000"
    },
    "done": true
  },
  "pneumaticcraft:recipes/misc/stomp_upgrade": {
    "criteria": {
      "has_lapis_lazuli": "2024-07-27 03:25:50 +0000"
    },
    "done": true
  },
  "minecraft:recipes/building_blocks/brown_concrete_powder": {
    "criteria": {
      "has_gravel": "2024-07-27 03:25:21 +0000"
    },
    "done": true
  },
  "minecraft:recipes/building_blocks/light_blue_concrete_powder": {
    "criteria": {
      "has_gravel": "2024-07-27 03:25:21 +0000"
    },
    "done": true
  },
  "minecraft:recipes/transportation/minecart": {
    "criteria": {
      "has_iron_ingot": "2024-07-27 03:32:13 +0000"
    },
    "done": true
  },
  "minecraft:recipes/tools/iron_hoe": {
    "criteria": {
      "has_iron_ingot": "2024-07-27 03:32:13 +0000"
    },
    "done": true
  },
  "minecraft:recipes/food/baked_potato": {
    "criteria": {
      "has_potato": "2024-07-27 03:32:25 +0000"
    },
    "done": true
  },
  "aether:recipes/decorations/skyroot_jukebox": {
    "criteria": {
      "has_diamond": "2024-07-27 03:25:54 +0000"
    },
    "done": true
  },
  "minecraft:recipes/combat/arrow": {
    "criteria": {
      "has_flint": "2024-07-27 03:25:53 +0000"
    },
    "done": true
  },
  "rftoolsutility:recipes/rftoolsutility/redstone_module": {
    "criteria": {
      "ingot": "2024-07-27 03:32:13 +0000"
    },
    "done": true
  },
  "pneumaticcraft:recipes/misc/block_tracker_upgrade": {
    "criteria": {
      "has_lapis_lazuli": "2024-07-27 03:25:50 +0000"
    },
    "done": true
  },
  "minecraft:recipes/decorations/chain": {
    "criteria": {
      "has_iron_nugget": "2024-07-27 03:25:50 +0000"
    },
    "done": true
  },
  "exdeorum:recipes/misc/moss_block": {
    "criteria": {
      "has_item": "2024-07-27 03:32:25 +0000"
    },
    "done": true
  },
  "ad_astra:recipes/compressing/compressing/iron_plate_from_compressing_iron_ingot": {
    "criteria": {
      "has_item": "2024-07-27 03:32:13 +0000"
    },
    "done": true
  },
  "minecraft:recipes/decorations/smithing_table": {
    "criteria": {
      "has_iron_ingot": "2024-07-27 03:32:13 +0000"
    },
    "done": true
  },
  "rftoolsstorage:recipes/rftoolsstorage/dump_module": {
    "criteria": {
      "ingot": "2024-07-27 03:32:13 +0000"
    },
    "done": true
  },
  "rftoolsutility:recipes/rftoolsutility/counter_module": {
    "criteria": {
      "ingot": "2024-07-27 03:32:13 +0000"
    },
    "done": true
  },
  "minecraft:recipes/building_blocks/coal_block": {
    "criteria": {
      "has_coal": "2024-07-27 03:25:53 +0000"
    },
    "done": true
  },
  "exdeorum:recipes/misc/andesite": {
    "criteria": {
      "has_item": "2024-07-27 03:25:50 +0000"
    },
    "done": true
  },
  "immersiveengineering:recipes/misc/crafting/toolbox": {
    "criteria": {
      "has_iron_ingot": "2024-07-27 03:32:13 +0000"
    },
    "done": true
  },
  "supplementaries:recipes/goblet": {
    "criteria": {
      "has_iron_nugget": "2024-07-27 03:25:50 +0000"
    },
    "done": true
  },
  "minecraft:recipes/redstone/sticky_piston": {
    "criteria": {
      "has_slime_ball": "2024-07-27 03:28:06 +0000"
    },
    "done": true
  },
  "pneumaticcraft:recipes/misc/charging_upgrade": {
    "criteria": {
      "has_lapis_lazuli": "2024-07-27 03:25:50 +0000"
    },
    "done": true
  },
  "hangglider:recipes/tools/glider_framework": {
    "criteria": {
      "has_iron_ingot": "2024-07-27 03:32:13 +0000"
    },
    "done": true
  },
  "handcrafted:recipes/misc/bench": {
    "criteria": {
      "has_bench": "2024-07-27 03:32:13 +0000"
    },
    "done": true
  },
  "pneumaticcraft:recipes/misc/minigun_upgrade": {
    "criteria": {
      "has_lapis_lazuli": "2024-07-27 03:25:50 +0000"
    },
    "done": true
  },
  "immersiveengineering:recipes/misc/crafting/hammer": {
    "criteria": {
      "has_iron_ingot": "2024-07-27 03:32:13 +0000"
    },
    "done": true
  },
  "pneumaticcraft:recipes/misc/entity_tracker_upgrade": {
    "criteria": {
      "has_lapis_lazuli": "2024-07-27 03:25:50 +0000"
    },
    "done": true
  },
  "aether:recipes/combat/iron_ring": {
    "criteria": {
      "has_iron_ingot": "2024-07-27 03:32:13 +0000"
    },
    "done": true
  },
  "charginggadgets:recipes/redstone/charging_station": {
    "criteria": {
      "has_diamonds": "2024-07-27 03:25:54 +0000"
    },
    "done": true
  },
  "pneumaticcraft:recipes/misc/elytra_upgrade": {
    "criteria": {
      "has_lapis_lazuli": "2024-07-27 03:25:50 +0000"
    },
    "done": true
  },
  "supplementaries:recipes/candle_holders/candle_holder_cyan": {
    "criteria": {
      "has_iron_ingot": "2024-07-27 03:32:13 +0000"
    },
    "done": true
  },
  "minecraft:recipes/building_blocks/gray_concrete_powder": {
    "criteria": {
      "has_gravel": "2024-07-27 03:25:21 +0000"
    },
    "done": true
  },
  "rftoolsutility:recipes/rftoolsutility/energyplus_module": {
    "criteria": {
      "ingot": "2024-07-27 03:32:13 +0000"
    },
    "done": true
  },
  "enderio:recipes/misc/pressurized_fluid_tank": {
    "criteria": {
      "has_ingredient": "2024-07-27 03:32:13 +0000"
    },
    "done": true
  },
  "supplementaries:recipes/sconce_soul": {
    "criteria": {
      "has_iron_nugget": "2024-07-27 03:25:50 +0000"
    },
    "done": true
  },
  "rftoolsutility:recipes/rftoolsutility/counterplus_module": {
    "criteria": {
      "ingot": "2024-07-27 03:32:13 +0000"
    },
    "done": true
  },
  "supplementaries:recipes/lapis_bricks": {
    "criteria": {
      "has_lapis_lazuli": "2024-07-27 03:25:50 +0000"
    },
    "done": true
  },
  "buildinggadgets2:recipes/misc/gadget_exchanging": {
    "criteria": {
      "has_diamond": "2024-07-27 03:25:54 +0000"
    },
    "done": true
  },
  "minecraft:recipes/tools/diamond_axe": {
    "criteria": {
      "has_diamond": "2024-07-27 03:25:54 +0000"
    },
    "done": true
  },
  "DataVersion": 3465
}